"datasetID","site","system","taxa","nTime","spRichTotal","spRichCore","spRichTrans","propCore","propCore_pVal","propTrans","propTrans_pVal","mu","bimodality","pBimodal","alpha","beta"
33," L4_Station_English_Channel_10L_sample_at_10m_subsample_analyzed ","Marine","Plankton",18,157,80,47,0.509554140127389,0.0099009900990099,0.299363057324841,0.267326732673267,0.613941967445152,0.449412573323046,0.0594059405940594,0.904708426913056,0.514926043629159
41,"censusbreedingbirdsNeotoma","Terrestrial","Bird",10,56,39,11,0.696428571428571,0.0693069306930693,0.196428571428571,0.514851485148515,0.746428571428571,0.486709498614261,0.0396039603960396,1.06173824566364,0.372732140044974
46,"Skokholm","Terrestrial","Bird",47,29,8,19,0.275862068965517,0.732673267326733,0.655172413793103,0,0.387380777696258,0.623958052029886,0,0.481219042434614,0.569833972601448
47," Lousana","Terrestrial","Bird",9,13,13,0,1,0.0396039603960396,0,0.99009900990099,0.974358974358974,0.0208333333333333,0.98019801980198,29.6369285572431,1.99910883949221
47," Redvers","Terrestrial","Bird",26,13,10,1,0.769230769230769,0.0396039603960396,0.0769230769230769,0.940594059405941,0.822485207100592,0.335314285714286,0.257425742574257,2.010620478783,0.600284074876694
67,"-26_28","Terrestrial","Bird",10,5,3,2,0.6,0.425742574257426,0.4,0.346534653465347,0.68,0.810699588477366,0,1.34657967518491,0.784993574335113
67,"-28_28","Terrestrial","Bird",15,5,3,2,0.6,0.178217821782178,0.4,0.564356435643564,0.64,0.744897959183673,0,1.29699874133878,0.866170407350305
67,"-28_32","Terrestrial","Bird",14,14,5,6,0.357142857142857,0.554455445544555,0.428571428571429,0.227722772277228,0.469387755102041,0.587368675280763,0.0297029702970297,0.842122573015164,0.860053814146846
67,"-30_24","Terrestrial","Bird",11,10,4,5,0.4,0.544554455445545,0.5,0.326732673267327,0.481818181818182,0.8484,0,0.697853733370783,0.659924181121956
67,"-30_30","Terrestrial","Bird",12,43,9,34,0.209302325581395,0.514851485148515,0.790697674418605,0.128712871287129,0.284883720930233,0.609566741798147,0.0099009900990099,0.464148136439927,0.679489341054604
67,"-30_32","Terrestrial","Bird",10,16,8,5,0.5,0.376237623762376,0.3125,0.534653465346535,0.6125,0.659722222222222,0,0.913089961878358,0.593276258467056
67,"-34_18","Terrestrial","Bird",15,18,11,5,0.611111111111111,0.0396039603960396,0.277777777777778,0.742574257425743,0.640740740740741,0.564940791131267,0,1.01653536154504,0.618230605795777
67,"-34_22","Terrestrial","Bird",10,12,7,4,0.583333333333333,0.217821782178218,0.333333333333333,0.386138613861386,0.641666666666667,0.59636488340192,0.0099009900990099,1.13603647920678,0.672188530800997
67,"-34_24","Terrestrial","Bird",12,16,10,5,0.625,0.168316831683168,0.3125,0.445544554455446,0.703125,0.599044421487604,0.0198019801980198,1.06514352887881,0.508011975012674
67,"-34_26","Terrestrial","Bird",3,12,10,2,0.833333333333333,0,0.166666666666667,0.554455445544555,0.861111111111111,0.576388888888889,0,2.66202374845344,0.605894312552974
67,"-36_18","Terrestrial","Bird",14,17,8,6,0.470588235294118,0.257425742574257,0.352941176470588,0.306930693069307,0.558823529411765,0.629355687047995,0.0198019801980198,0.833164375305416,0.676280142683285
67,"-36_20","Terrestrial","Bird",4,19,8,7,0.421052631578947,0.871287128712871,0.368421052631579,0.267326732673267,0.578947368421053,0.659259259259259,0.118811881188119,1.21109893714551,0.78140809496821
67,"-36_22","Terrestrial","Bird",11,13,6,6,0.461538461538462,0.316831683168317,0.461538461538462,0.188118811881188,0.573426573426573,0.745238095238095,0,0.830541508812844,0.585292811650592
70," Belgium ","Terrestrial","Invertebrate",14,25,24,0,0.96,0,0,0.99009900990099,0.865714285714286,0.0499165528751329,0.98019801980198,8.78654834789984,1.52492555417422
87,"51.5_3.5","Marine","Plankton",6,97,52,33,0.536082474226804,0,0.34020618556701,0.475247524752475,0.618556701030928,0.606938775510204,0,0.866889340254603,0.452249693504715
87,"51_4","Marine","Plankton",9,103,47,33,0.456310679611651,0.504950495049505,0.320388349514563,0.594059405940594,0.579288025889968,0.4753487933635,0.138613861386139,0.903001741352445,0.545045900338162
90,"45.5_-1.75","Marine","Plankton",6,53,23,19,0.433962264150943,0.099009900990099,0.358490566037736,0.366336633663366,0.562893081761006,0.418119658119658,0.831683168316832,1.28454579268721,0.878745462517088
90,"45.5_-2","Marine","Plankton",5,52,16,10,0.307692307692308,0.99009900990099,0.192307692307692,0.613861386138614,0.569230769230769,0.417159763313609,0.97029702970297,1.36860226668438,0.917062759198623
90,"45.5_-2.25","Marine","Plankton",6,56,28,18,0.5,0,0.321428571428571,0.643564356435644,0.55952380952381,0.391020408163265,0.782178217821782,1.49179582280492,1.10815432749835
90,"45.5_-2.5","Marine","Plankton",4,50,22,9,0.44,0.623762376237624,0.18,0.99009900990099,0.625,0.484444444444444,0.663366336633663,1.32180016014927,0.683046299715189
90,"45.5_-2.75","Marine","Plankton",3,49,36,13,0.73469387755102,0,0.26530612244898,0.99009900990099,0.693877551020408,0.605833333333334,0.643564356435644,1.40290518792167,0.551766244851451
90,"45.5_-3","Marine","Plankton",4,50,25,6,0.5,0.702970297029703,0.12,0.99009900990099,0.66,0.440177777777778,0.762376237623762,1.46563882867559,0.666248571014747
90,"45.5_-3.25","Marine","Plankton",3,47,35,12,0.74468085106383,0,0.25531914893617,0.99009900990099,0.702127659574468,0.605978260869566,0.613861386138614,1.42275546444064,0.543343026037244
90,"45.5_-3.5","Marine","Plankton",6,52,28,17,0.538461538461538,0,0.326923076923077,0.376237623762376,0.592948717948718,0.427159763313609,0.534653465346535,1.49902473061033,0.996767921536093
90,"45.5_-3.75","Marine","Plankton",3,48,28,20,0.583333333333333,0,0.416666666666667,0.267326732673267,0.597222222222222,0.581597222222223,0.336633663366337,1.36011654051412,0.775140197121313
91,"55.5_20.5","Marine","Bird",6,23,7,15,0.304347826086957,0.524752475247525,0.652173913043478,0.148514851485149,0.463768115942029,0.71030303030303,0.0792079207920792,0.766417522255805,0.67135416286675
91,"55.5_21","Marine","Bird",4,21,7,6,0.333333333333333,0.99009900990099,0.285714285714286,0.554455445544555,0.571428571428571,0.557575757575758,0.534653465346535,1.31211375035501,0.85618947830197
91,"55_20.5","Marine","Bird",5,16,6,8,0.375,0.623762376237624,0.5,0.198019801980198,0.525,0.87109375,0.0495049504950495,0.818477495105855,0.603740950521276
92,"66.5_34.25","Marine","Benthos",2,42,22,0,0.523809523809524,0.504950495049505,0,0.99009900990099,0.761904761904762,0.997732426303855,0.99009900990099,1.57898965548448,0.454564155852961
92,"67_32.25","Marine","Benthos",11,123,5,95,0.040650406504065,0.99009900990099,0.772357723577236,0,0.227642276422764,0.166107879428873,0.881188118811881,1.42691721697614,4.53260485822397
92,"67_32.5","Marine","Benthos",5,125,14,81,0.112,0.99009900990099,0.648,0.207920792079208,0.3424,0.335285458269329,0.524752475247525,1.07109589926255,1.56526157224512
97,"75_70","Marine","Plankton",5,46,10,27,0.217391304347826,0.594059405940594,0.58695652173913,0.188118811881188,0.41304347826087,0.547849716446125,0.118811881188119,0.868069259301691,0.91590044498657
97,"75_75","Marine","Plankton",4,40,13,25,0.325,0.643564356435644,0.625,0.128712871287129,0.45,0.537777777777778,0.207920792079208,1.13687197824672,1.12906853862844
97,"75_80","Marine","Plankton",4,30,11,16,0.366666666666667,0.693069306930693,0.533333333333333,0.237623762376238,0.516666666666667,0.709135802469136,0.0594059405940594,0.959195566282284,0.715819725082906
99,"1","Marine","Fish",9,386,3,363,0.0077720207253886,0.99009900990099,0.940414507772021,0,0.184513529073114,0.0606446649574485,0.99009900990099,2.9370314209722,12.6609691880302
99,"10","Marine","Fish",10,375,0,352,0,0.99009900990099,0.938666666666667,0.0099009900990099,0.1704,0.0461098258344817,0.97029702970297,3.15206343249647,15.0795382023303
99,"11","Marine","Fish",10,385,2,351,0.00519480519480519,0.99009900990099,0.911688311688312,0,0.172727272727273,0.0708503912663383,0.96039603960396,2.33625210796551,10.7990150436789
99,"12","Marine","Fish",10,402,1,363,0.00248756218905473,0.99009900990099,0.902985074626866,0,0.175124378109453,0.0578741328062714,0.96039603960396,2.74910674128306,12.6356744620264
99,"13","Marine","Fish",10,395,3,367,0.00759493670886076,0.99009900990099,0.929113924050633,0.0099009900990099,0.177721518987342,0.0605592175436131,0.98019801980198,2.65817762519174,11.9546616035225
99,"14","Marine","Fish",10,415,1,376,0.00240963855421687,0.99009900990099,0.906024096385542,0,0.17710843373494,0.0610746383693244,0.99009900990099,2.63834017066427,11.9613272646167
99,"15","Marine","Fish",9,405,1,384,0.00246913580246914,0.99009900990099,0.948148148148148,0.0099009900990099,0.178326474622771,0.053825964493001,0.97029702970297,3.14467318725588,14.1710380961121
99,"16","Marine","Fish",10,404,1,384,0.00247524752475248,0.99009900990099,0.95049504950495,0,0.171039603960396,0.0456076685776388,0.99009900990099,3.23567726923096,15.3832669740129
99,"17","Marine","Fish",10,419,1,396,0.00238663484486874,0.99009900990099,0.945107398568019,0.0099009900990099,0.166348448687351,0.0463836358573201,0.98019801980198,3.1575457245799,15.4801867800858
99,"18","Marine","Fish",10,418,1,403,0.00239234449760766,0.99009900990099,0.964114832535885,0.0099009900990099,0.153588516746411,0.0370915851483299,0.97029702970297,3.52707214244321,19.0413496968392
99,"19","Marine","Fish",9,396,2,375,0.00505050505050505,0.99009900990099,0.946969696969697,0.0099009900990099,0.181818181818182,0.0567607897153351,0.98019801980198,3.0818231359264,13.5108056768273
99,"2","Marine","Fish",9,366,3,349,0.00819672131147541,0.99009900990099,0.953551912568306,0.0198019801980198,0.184274438372799,0.0598204820985995,0.920792079207921,2.94198229711866,12.7122464582155
99,"20","Marine","Fish",9,355,1,341,0.0028169014084507,0.99009900990099,0.96056338028169,0.0198019801980198,0.169014084507042,0.0472876198184472,0.98019801980198,3.36691219581827,16.1768161671889
99,"21","Marine","Fish",9,403,1,386,0.00248138957816377,0.99009900990099,0.957816377171216,0.0099009900990099,0.160463192721257,0.044276605832225,0.97029702970297,3.48605495248908,17.7883566304186
99,"22","Marine","Fish",9,375,1,358,0.00266666666666667,0.99009900990099,0.954666666666667,0.0099009900990099,0.163259259259259,0.0468998890658777,0.96039603960396,3.34191263296138,16.7004893495956
99,"23","Marine","Fish",9,379,0,373,0,0.99009900990099,0.984168865435356,0,0.150982116681325,0.029881126427179,0.940594059405941,4.49745035236659,24.8537777735129
99,"24","Marine","Fish",9,363,3,337,0.00826446280991736,0.99009900990099,0.928374655647383,0.0198019801980198,0.176002448729721,0.06924765496934,0.96039603960396,2.57578400396818,11.6215343596208
99,"25","Marine","Fish",9,388,0,374,0,0.99009900990099,0.963917525773196,0.0099009900990099,0.160652920962199,0.0399264500743968,0.930693069306931,3.76194881261548,19.2363277384146
99,"26","Marine","Fish",9,357,0,352,0,0.99009900990099,0.985994397759104,0,0.151260504201681,0.0266785277132634,0.97029702970297,4.90758563117571,27.0985086940737
99,"27","Marine","Fish",9,370,0,364,0,0.99009900990099,0.983783783783784,0,0.151951951951952,0.0280423666910153,0.98019801980198,4.73949641420084,26.022906991442
99,"28","Marine","Fish",9,330,0,322,0,0.99009900990099,0.975757575757576,0,0.159259259259259,0.0358017676767676,0.940594059405941,4.04213591757502,20.9206151648652
99,"29","Marine","Fish",9,324,3,306,0.00925925925925926,0.99009900990099,0.944444444444444,0,0.17318244170096,0.0590057489330895,0.97029702970297,2.93170363532612,13.5485938660266
99,"3","Marine","Fish",9,391,2,358,0.0051150895140665,0.99009900990099,0.915601023017903,0.0099009900990099,0.201761864165956,0.0755666208791209,0.96039603960396,2.61136001641765,10.0914433003286
99,"30","Marine","Fish",8,269,0,247,0,0.99009900990099,0.9182156133829,0.0099009900990099,0.172397769516729,0.0374251193014519,0.97029702970297,4.51146180778285,21.243865342285
99,"31","Marine","Fish",8,302,0,285,0,0.99009900990099,0.943708609271523,0.0495049504950495,0.16432119205298,0.0321978359345141,0.940594059405941,5.01845327429577,25.0379592353288
99,"32","Marine","Fish",7,314,0,287,0,0.99009900990099,0.914012738853503,0.0396039603960396,0.190172884440401,0.0493822151901588,0.930693069306931,4.32354053212529,18.0149173939443
99,"33","Marine","Fish",8,332,0,300,0,0.99009900990099,0.903614457831325,0.0594059405940594,0.175075301204819,0.0481238946442273,0.940594059405941,3.75931555154311,17.2864090048199
99,"34","Marine","Fish",8,291,0,268,0,0.99009900990099,0.920962199312715,0.0297029702970297,0.172250859106529,0.0354641242420445,0.96039603960396,4.67976578625288,22.1002301806477
99,"35","Marine","Fish",8,277,0,247,0,0.99009900990099,0.891696750902527,0.0396039603960396,0.181859205776173,0.0479446079338836,0.99009900990099,3.8188237359267,16.812528134792
99,"36","Marine","Fish",8,281,0,263,0,0.99009900990099,0.935943060498221,0.0396039603960396,0.166370106761566,0.0331823914976325,0.940594059405941,4.90710550628678,24.1201286157861
99,"37","Marine","Fish",8,269,0,257,0,0.99009900990099,0.955390334572491,0.0198019801980198,0.156133828996283,0.0292280096118049,0.900990099009901,5.42987808455901,28.6793623767554
99,"38","Marine","Fish",8,244,0,233,0,0.99009900990099,0.954918032786885,0.0495049504950495,0.157274590163934,0.0243337593032376,0.95049504950495,6.1474691262846,32.3374780542856
99,"39","Marine","Fish",8,265,1,249,0.00377358490566038,0.99009900990099,0.939622641509434,0.0495049504950495,0.161792452830189,0.0409837208977918,0.95049504950495,4.19589339483686,21.0406803878
99,"4","Marine","Fish",10,367,0,329,0,0.99009900990099,0.896457765667575,0.0099009900990099,0.180108991825613,0.0684204042483919,0.95049504950495,2.45930633594302,10.884594508033
99,"40","Marine","Fish",8,312,0,288,0,0.99009900990099,0.923076923076923,0.0495049504950495,0.165064102564103,0.0371399052717734,0.95049504950495,4.50034618897039,22.2676904218241
99,"41","Marine","Fish",8,263,0,254,0,0.99009900990099,0.965779467680608,0.0099009900990099,0.152091254752852,0.0231698508688694,0.99009900990099,6.47041564403748,35.3637877156476
99,"42","Marine","Fish",8,254,0,242,0,0.99009900990099,0.952755905511811,0.0297029702970297,0.15501968503937,0.0238953539131568,0.940594059405941,6.23929200239176,33.3794430400141
99,"43","Marine","Fish",8,218,0,212,0,0.99009900990099,0.972477064220184,0.0396039603960396,0.153669724770642,0.0189223404200498,0.940594059405941,7.39943690306056,40.0431505844109
99,"44","Marine","Fish",8,248,0,240,0,0.99009900990099,0.967741935483871,0.0693069306930693,0.154233870967742,0.0212098366922211,0.920792079207921,6.82607109908324,36.7775713643954
99,"45","Marine","Fish",8,231,0,227,0,0.99009900990099,0.982683982683983,0.0495049504950495,0.149350649350649,0.0170455588532264,0.96039603960396,8.11920075709138,45.4269996235785
99,"46","Marine","Fish",7,207,0,205,0,0.99009900990099,0.990338164251208,0.0891089108910891,0.172532781228434,0.0204339888805909,0.920792079207921,8.42305553327399,39.7709652879797
99,"47","Marine","Fish",8,235,0,223,0,0.99009900990099,0.948936170212766,0.0297029702970297,0.160106382978723,0.0248250538807439,0.95049504950495,6.02499804802442,31.0537725694148
99,"48","Marine","Fish",8,225,0,216,0,0.99009900990099,0.96,0.0198019801980198,0.158333333333333,0.0224947754070022,0.940594059405941,6.4867995098191,33.8849192236778
99,"49","Marine","Fish",8,226,0,206,0,0.99009900990099,0.911504424778761,0.0198019801980198,0.16537610619469,0.0337440325021856,0.95049504950495,4.81300048682086,23.7842317319674
99,"5","Marine","Fish",10,382,0,368,0,0.99009900990099,0.963350785340314,0.0099009900990099,0.162565445026178,0.040264829214328,0.98019801980198,3.42157833127779,17.2974323314764
99,"50","Marine","Fish",7,183,0,177,0,0.99009900990099,0.967213114754098,0.0297029702970297,0.176424668227947,0.0272601794340925,0.910891089108911,6.81023784733899,31.1810759442285
99,"51","Marine","Fish",6,228,0,226,0,0.99009900990099,0.991228070175439,0.0594059405940594,0.202485380116959,0.0298030163127114,0.940594059405941,7.86078420229838,30.5356679787872
99,"52","Marine","Fish",6,153,0,152,0,0.99009900990099,0.993464052287582,0.0495049504950495,0.176470588235294,0.0109501025290498,0.930693069306931,19.7573825536734,90.5149232608197
99,"53","Marine","Fish",6,208,0,204,0,0.99009900990099,0.980769230769231,0.108910891089109,0.198717948717949,0.0310059171597631,0.891089108910891,7.67333538436889,30.4214431232999
99,"54","Marine","Fish",6,183,1,181,0.00546448087431694,0.861386138613861,0.989071038251366,0.0396039603960396,0.193078324225865,0.0283325370281891,0.831683168316832,8.32057818580254,34.0680588467437
99,"55","Marine","Fish",6,174,0,172,0,0.99009900990099,0.988505747126437,0.0297029702970297,0.192528735632184,0.0246531906460561,0.920792079207921,9.31361193053509,38.3751944179463
99,"57","Marine","Fish",6,207,0,201,0,0.99009900990099,0.971014492753623,0.0594059405940594,0.199677938808374,0.0346900672143389,0.900990099009901,7.03539322678851,27.6778955075225
99,"58","Marine","Fish",6,176,0,173,0,0.99009900990099,0.982954545454545,0.0396039603960396,0.194128787878788,0.0274741735537188,0.900990099009901,8.53591756438089,34.7835071438307
99,"6","Marine","Fish",10,400,2,377,0.005,0.99009900990099,0.9425,0,0.17275,0.052258950617284,0.98019801980198,2.93163411952492,13.7104996239166
99,"60","Marine","Fish",7,206,0,198,0,0.99009900990099,0.961165048543689,0.0396039603960396,0.181692094313454,0.0327813910620962,0.900990099009901,5.92330934792474,26.1613469852235
99,"61","Marine","Fish",6,207,1,195,0.00483091787439614,0.920792079207921,0.942028985507246,0.0594059405940594,0.209339774557166,0.052120985810306,0.920792079207921,5.09754713876612,18.7910369657006
99,"62","Marine","Fish",6,229,0,226,0,0.99009900990099,0.986899563318777,0.0198019801980198,0.189228529839884,0.0229199084668191,0.910891089108911,9.9188281380009,41.8451053538387
99,"63","Marine","Fish",6,236,0,232,0,0.99009900990099,0.983050847457627,0.0594059405940594,0.186440677966102,0.0221545532892846,0.930693069306931,10.311617543914,44.2770019213703
99,"7","Marine","Fish",10,424,3,386,0.00707547169811321,0.99009900990099,0.910377358490566,0,0.184669811320755,0.0690700416210681,0.98019801980198,2.46973142959538,10.6133247070685
99,"8","Marine","Fish",10,424,1,399,0.00235849056603774,0.99009900990099,0.941037735849057,0.0099009900990099,0.170283018867925,0.0543392270875361,0.98019801980198,2.83024700697671,13.4488342881226
99,"83","Marine","Fish",6,156,1,152,0.00641025641025641,0.881188118811881,0.974358974358974,0.099009900990099,0.210470085470086,0.0433070348454962,0.891089108910891,5.93838905533429,21.7813826530004
99,"9","Marine","Fish",10,405,2,368,0.00493827160493827,0.99009900990099,0.908641975308642,0.0099009900990099,0.18320987654321,0.0651834751072261,0.97029702970297,2.5912256447185,11.2510230181066
208,"1_CF","Terrestrial","Insect",9,15,2,11,0.133333333333333,0.940594059405941,0.733333333333333,0.108910891089109,0.259259259259259,0.21484375,0.693069306930693,1.70893836855575,4.31177642566264
208,"1_DF","Terrestrial","Insect",10,12,1,9,0.0833333333333333,0.98019801980198,0.75,0.0198019801980198,0.3,0.37037037037037,0.455445544554455,0.99970737713014,1.75647067499098
208,"1_SF","Terrestrial","Insect",11,14,2,9,0.142857142857143,0.891089108910891,0.642857142857143,0.0495049504950495,0.331168831168831,0.380612244897959,0.237623762376238,1.01100630181,1.61918978746798
208,"1_T1","Terrestrial","Insect",9,12,4,5,0.333333333333333,0.831683168316832,0.416666666666667,0.495049504950495,0.435185185185185,0.254774305555556,0.910891089108911,2.32153104041441,2.97994707434876
208,"1_T2","Terrestrial","Insect",7,14,3,6,0.214285714285714,0.97029702970297,0.428571428571429,0.247524752475248,0.418367346938776,0.372448979591836,0.594059405940594,1.38967742785201,1.71693232216672
208,"1_T3","Terrestrial","Insect",8,15,3,7,0.2,0.930693069306931,0.466666666666667,0.108910891089109,0.383333333333333,0.365889212827988,0.544554455445545,1.25217204924831,1.71955193420516
208,"1_T4","Terrestrial","Insect",7,9,3,3,0.333333333333333,0.99009900990099,0.333333333333333,0.544554455445545,0.523809523809524,0.45,0.584158415841584,1.62454878815538,1.43138662342277
208,"1_T5","Terrestrial","Insect",22,15,2,11,0.133333333333333,0.900990099009901,0.733333333333333,0,0.263636363636364,0.224975704567541,0.831683168316832,1.29714995445344,3.25028249422252
208,"1_T6","Terrestrial","Insect",12,14,3,11,0.214285714285714,0.792079207920792,0.785714285714286,0.0495049504950495,0.303571428571429,0.347613425535503,0.277227722772277,1.19338570296315,2.30544334090806
208,"1_T7","Terrestrial","Insect",20,18,3,13,0.166666666666667,0.910891089108911,0.722222222222222,0.0099009900990099,0.272222222222222,0.328990116617079,0.356435643564356,0.811078968642489,1.65514626943307
208,"2_CF","Terrestrial","Insect",12,10,4,6,0.4,0.386138613861386,0.6,0.237623762376238,0.358333333333334,0.463140495867769,0.0891089108910891,1.06390704578743,1.68749882391248
208,"2_DF","Terrestrial","Insect",10,11,1,8,0.0909090909090909,0.96039603960396,0.727272727272727,0.0297029702970297,0.281818181818182,0.251851851851852,0.633663366336634,1.65158863687304,3.69009830388198
208,"2_SF","Terrestrial","Insect",11,9,1,5,0.111111111111111,0.99009900990099,0.555555555555556,0.168316831683168,0.313131313131313,0.298,0.336633663366337,1.56097848677489,3.04816106520703
208,"2_T1","Terrestrial","Insect",9,14,3,9,0.214285714285714,0.920792079207921,0.642857142857143,0.0297029702970297,0.349206349206349,0.338010204081633,0.524752475247525,1.20323148343895,1.83561477324793
208,"2_T2","Terrestrial","Insect",8,10,2,3,0.2,0.99009900990099,0.3,0.544554455445545,0.475,0.372244897959184,0.732673267326733,1.60363810565951,1.6434181137003
208,"2_T3","Terrestrial","Insect",8,15,2,7,0.133333333333333,0.99009900990099,0.466666666666667,0.0891089108910891,0.391666666666667,0.35932944606414,0.524752475247525,1.28585512195696,1.73480714703827
208,"2_T4","Terrestrial","Insect",6,11,2,7,0.181818181818182,0.881188118811881,0.636363636363636,0.0891089108910891,0.378787878787879,0.384,0.554455445544555,1.38313328879584,1.87688768523047
208,"2_T5","Terrestrial","Insect",23,18,1,14,0.0555555555555556,0.99009900990099,0.777777777777778,0,0.217391304347826,0.18732782369146,0.900990099009901,1.1862199548498,3.75604194355619
208,"2_T6","Terrestrial","Insect",9,13,3,9,0.230769230769231,0.821782178217822,0.692307692307692,0.0891089108910891,0.341880341880342,0.420386904761905,0.217821782178218,1.15710427566651,1.89978039079287
208,"2_T7","Terrestrial","Insect",21,15,3,8,0.2,0.900990099009901,0.533333333333333,0.158415841584158,0.355555555555556,0.3025,0.594059405940594,1.30353637148182,2.13743122145678
208,"3_CF","Terrestrial","Insect",8,9,2,6,0.222222222222222,0.831683168316832,0.666666666666667,0.0198019801980198,0.416666666666667,0.514285714285714,0.257425742574257,1.18320396452731,1.3896386974052
208,"3_DF","Terrestrial","Insect",12,15,2,12,0.133333333333333,0.871287128712871,0.8,0.0198019801980198,0.238888888888889,0.273907910271547,0.415841584158416,1.17295872564048,3.07867811788837
208,"3_SF","Terrestrial","Insect",11,13,3,9,0.230769230769231,0.663366336633663,0.692307692307692,0.0297029702970297,0.321678321678322,0.276190476190476,0.495049504950495,1.64186188079433,3.10046103714635
208,"3_T1","Terrestrial","Insect",12,14,2,10,0.142857142857143,0.97029702970297,0.714285714285714,0,0.333333333333333,0.283353010625738,0.742574257425743,1.39748802898764,2.4804057415777
208,"3_T2","Terrestrial","Insect",9,13,3,7,0.230769230769231,0.930693069306931,0.538461538461538,0.148514851485149,0.427350427350427,0.433779761904762,0.277227722772277,1.17831631457668,1.38961359877407
208,"3_T3","Terrestrial","Insect",7,15,3,7,0.2,0.99009900990099,0.466666666666667,0.0495049504950495,0.438095238095238,0.349206349206349,0.821782178217822,1.5319227539594,1.74463637627641
208,"3_T4","Terrestrial","Insect",7,13,3,8,0.230769230769231,0.851485148514851,0.615384615384615,0.0495049504950495,0.395604395604396,0.380952380952381,0.564356435643564,1.34817889339091,1.75648192449771
208,"3_T5","Terrestrial","Insect",21,16,2,11,0.125,0.97029702970297,0.6875,0.0099009900990099,0.25,0.198125,0.900990099009901,1.32346776762011,3.55575338439784
208,"3_T6","Terrestrial","Insect",10,14,2,10,0.142857142857143,0.98019801980198,0.714285714285714,0.0495049504950495,0.328571428571429,0.35575711766188,0.346534653465347,1.09838196676369,1.75772364943858
208,"3_T7","Terrestrial","Insect",22,18,3,11,0.166666666666667,0.910891089108911,0.611111111111111,0.108910891089109,0.30050505050505,0.311553427955545,0.514851485148515,0.996526615298737,1.9520399059387
208,"4_T1","Terrestrial","Insect",10,15,2,9,0.133333333333333,0.96039603960396,0.6,0.0693069306930693,0.34,0.342592592592593,0.584158415841584,1.24987697429152,2.094973021988
208,"4_T2","Terrestrial","Insect",10,12,1,9,0.0833333333333333,0.99009900990099,0.75,0.0099009900990099,0.308333333333333,0.22599451303155,0.811881188118812,1.7625686375855,3.37911333684656
208,"4_T4","Terrestrial","Insect",7,15,3,9,0.2,0.900990099009901,0.6,0.108910891089109,0.380952380952381,0.381944444444444,0.495049504950495,1.26291367351162,1.70905777420221
208,"4_T5","Terrestrial","Insect",19,17,2,11,0.117647058823529,0.98019801980198,0.647058823529412,0.0099009900990099,0.272445820433437,0.227709190672154,0.871287128712871,1.26860449741688,3.06420176185073
208,"4_T6","Terrestrial","Insect",11,13,2,9,0.153846153846154,0.891089108910891,0.692307692307692,0.0297029702970297,0.342657342657343,0.403333333333333,0.346534653465347,1.03241824737533,1.59412224084584
208,"4_T7","Terrestrial","Insect",23,17,2,10,0.117647058823529,0.97029702970297,0.588235294117647,0.0198019801980198,0.317135549872123,0.271005509641873,0.712871287128713,1.27082316414314,2.38365666191554
208,"5_T1","Terrestrial","Insect",9,14,4,7,0.285714285714286,0.841584158415842,0.5,0.257425742574257,0.396825396825397,0.363520408163266,0.504950495049505,1.42822788384081,2.05482141881986
208,"5_T2","Terrestrial","Insect",10,15,2,8,0.133333333333333,0.910891089108911,0.533333333333333,0.237623762376238,0.326666666666667,0.34700176366843,0.386138613861386,1.04408087314289,1.74694363226752
208,"5_T3","Terrestrial","Insect",6,14,3,8,0.214285714285714,0.881188118811881,0.571428571428571,0.0693069306930693,0.404761904761905,0.336326530612245,0.633663366336634,1.53991779141904,1.9653874242402
208,"5_T4","Terrestrial","Insect",7,14,3,9,0.214285714285714,0.910891089108911,0.642857142857143,0.0198019801980198,0.36734693877551,0.424036281179138,0.376237623762376,1.1429322736131,1.60417268198729
208,"5_T5","Terrestrial","Insect",21,16,0,12,0,0.99009900990099,0.75,0.0297029702970297,0.258928571428571,0.1949609375,0.910891089108911,1.41174173690052,3.68453313092713
208,"5_T6","Terrestrial","Insect",12,14,3,10,0.214285714285714,0.742574257425743,0.714285714285714,0.0396039603960396,0.327380952380953,0.346938775510204,0.415841584158416,1.08483122576893,1.75338942619494
208,"5_T7","Terrestrial","Insect",22,18,3,11,0.166666666666667,0.96039603960396,0.611111111111111,0.0198019801980198,0.315656565656566,0.363287701912041,0.346534653465347,0.837351292761079,1.47932063417389
208,"6_T1","Terrestrial","Insect",13,12,2,8,0.166666666666667,0.940594059405941,0.666666666666667,0.0099009900990099,0.365384615384615,0.384837962962963,0.346534653465347,1.18219454101781,1.74144295912346
208,"6_T2","Terrestrial","Insect",10,12,1,7,0.0833333333333333,0.96039603960396,0.583333333333333,0.257425742574257,0.333333333333333,0.307270233196159,0.534653465346535,1.41201053728329,2.49964490308892
208,"6_T3","Terrestrial","Insect",8,14,3,7,0.214285714285714,0.801980198019802,0.5,0.128712871287129,0.419642857142857,0.356934610578926,0.554455445544555,1.62045226847085,2.0383629107612
208,"6_T4","Terrestrial","Insect",8,15,1,7,0.0666666666666667,0.98019801980198,0.466666666666667,0.138613861386139,0.383333333333333,0.28935860058309,0.683168316831683,1.49645468981291,2.05404197516602
208,"6_T5","Terrestrial","Insect",19,17,1,13,0.0588235294117647,0.98019801980198,0.764705882352941,0.0099009900990099,0.219814241486068,0.23062414266118,0.663366336633663,1.07593149400805,3.07017921156511
208,"6_T6","Terrestrial","Insect",10,15,3,11,0.2,0.861386138613861,0.733333333333333,0.0396039603960396,0.32,0.332010582010582,0.544554455445545,1.2876723605637,2.38266983433404
208,"6_T7","Terrestrial","Insect",22,17,3,11,0.176470588235294,0.930693069306931,0.647058823529412,0,0.296791443850267,0.314940791131268,0.504950495049505,1.01366810305611,1.98093413339204
236,"1","Terrestrial","Mammal",11,10,7,2,0.7,0.099009900990099,0.2,0.613861386138614,0.736363636363636,0.6036,0.0099009900990099,1.28992184986744,0.583295328071589
236,"10","Terrestrial","Mammal",12,10,7,3,0.7,0.108910891089109,0.3,0.564356435643564,0.733333333333333,0.613553719008265,0.0891089108910891,1.26588527057742,0.590659622189535
236,"11","Terrestrial","Mammal",12,9,7,2,0.777777777777778,0.118811881188119,0.222222222222222,0.633663366336634,0.777777777777778,0.483471074380165,0.158415841584158,1.7520911870343,0.66448478285167
236,"12","Terrestrial","Mammal",10,8,7,1,0.875,0,0.125,0.891089108910891,0.825,0.330246913580247,0.435643564356436,2.81610414955308,0.869655957071072
236,"13","Terrestrial","Mammal",9,9,7,2,0.777777777777778,0.148514851485149,0.222222222222222,0.683168316831683,0.790123456790123,0.5828125,0.0792079207920792,1.55310554182036,0.595309755105777
236,"14","Terrestrial","Mammal",12,9,7,2,0.777777777777778,0,0.222222222222222,0.792079207920792,0.768518518518519,0.46694214876033,0.178217821782178,1.82329639536329,0.718464710017431
236,"15","Terrestrial","Mammal",10,9,7,2,0.777777777777778,0.0297029702970297,0.222222222222222,0.653465346534653,0.766666666666667,0.477777777777778,0.168316831683168,1.90681061434272,0.766626024716979
236,"16","Terrestrial","Mammal",11,8,6,1,0.75,0.0792079207920792,0.125,0.801980198019802,0.806818181818182,0.254375,0.623762376237624,3.71303651457147,1.19698368767495
236,"2","Terrestrial","Mammal",12,9,7,2,0.777777777777778,0.0198019801980198,0.222222222222222,0.702970297029703,0.768518518518519,0.58595041322314,0.0396039603960396,1.40156117869527,0.602773112836188
236,"3","Terrestrial","Mammal",10,9,7,2,0.777777777777778,0.0495049504950495,0.222222222222222,0.643564356435644,0.777777777777778,0.508641975308642,0.158415841584158,1.70095699435409,0.6736213217488
236,"4","Terrestrial","Mammal",10,9,7,1,0.777777777777778,0.0495049504950495,0.111111111111111,0.940594059405941,0.777777777777778,0.441975308641975,0.257425742574257,1.95270890472314,0.768335522050646
236,"5","Terrestrial","Mammal",4,8,7,1,0.875,0.316831683168317,0.125,0.722772277227723,0.875,0.444444444444444,0.336633663366337,3.22533930877806,0.775401198784728
236,"6","Terrestrial","Mammal",9,8,7,1,0.875,0.118811881188119,0.125,0.910891089108911,0.847222222222222,0.3115234375,0.445544554455446,3.20848842756382,0.893679826680211
236,"7","Terrestrial","Mammal",9,8,7,1,0.875,0.0693069306930693,0.125,0.881188118811881,0.819444444444444,0.3115234375,0.415841584158416,3.14291733804117,0.984631796707248
236,"8","Terrestrial","Mammal",9,9,7,2,0.777777777777778,0.306930693069307,0.222222222222222,0.722772277227723,0.777777777777778,0.6609375,0.0792079207920792,1.32160161268667,0.554068571235359
236,"9","Terrestrial","Mammal",9,9,7,2,0.777777777777778,0.188118811881188,0.222222222222222,0.653465346534653,0.790123456790123,0.5828125,0.0495049504950495,1.55310554182036,0.595309755105777
247,"224398.603_4702460.025","Terrestrial","Insect",18,25,12,10,0.48,0.227722772277228,0.4,0.277227722772277,0.504444444444444,0.51007009138497,0.0198019801980198,0.923608316431027,0.875083118958975
247,"255549.15_4571555.12","Terrestrial","Insect",15,20,6,9,0.3,0.643564356435644,0.45,0.118811881188119,0.483333333333333,0.493622448979592,0.0396039603960396,0.952509114870971,0.960960895931989
247,"444979.7957_4609829.505","Terrestrial","Insect",13,19,7,6,0.368421052631579,0.524752475247525,0.315789473684211,0.514851485148515,0.538461538461539,0.451543209876543,0.128712871287129,1.23214964767842,1.01625365614598
247,"447651.2162_4609884.569","Terrestrial","Insect",10,18,9,8,0.5,0.376237623762376,0.444444444444444,0.227722772277228,0.505555555555556,0.452522481329066,0.297029702970297,1.26420095858925,1.21799283173112
247,"449158.0896_4606861.348","Terrestrial","Insect",34,27,8,14,0.296296296296296,0.683168316831683,0.518518518518518,0.0495049504950495,0.423747276688453,0.57467784740512,0,0.597681694375664,0.682975765944524
247,"450259.9927_4649982.753","Terrestrial","Insect",34,26,9,10,0.346153846153846,0.465346534653465,0.384615384615385,0.356435643564356,0.501131221719457,0.585570606549628,0,0.642754405003645,0.587210168679337
247,"546064.8738_4708921.485","Terrestrial","Insect",25,21,7,11,0.333333333333333,0.653465346534653,0.523809523809524,0.0693069306930693,0.474285714285714,0.584848484848485,0,0.739230758517153,0.69408192980715
247,"555217.7544_4702548.789","Terrestrial","Insect",24,18,9,9,0.5,0.198019801980198,0.5,0.336633663366337,0.546296296296296,0.595579826833765,0.0099009900990099,0.804945395089692,0.61718898028071
247,"557092.8397_4701434.983","Terrestrial","Insect",24,20,9,9,0.45,0.227722772277228,0.45,0.217821782178218,0.5,0.581474480151229,0,0.792186499820329,0.735110430932569
247,"604084.8723_4658114.179","Terrestrial","Insect",18,26,9,14,0.346153846153846,0.465346534653465,0.538461538461538,0.0198019801980198,0.459401709401709,0.590426076452161,0.0099009900990099,0.694663199045266,0.674190040395174
247,"692033.2481_4704389.533","Terrestrial","Insect",9,21,8,10,0.380952380952381,0.712871287128713,0.476190476190476,0.158415841584158,0.507936507936508,0.617897727272728,0.0099009900990099,0.827553178551172,0.68903063548753
247,"692947.6609_4709516.123","Terrestrial","Insect",8,18,9,8,0.5,0.297029702970297,0.444444444444444,0.198019801980198,0.541666666666667,0.73469387755102,0,0.810798200968406,0.620748489634911
247,"698107.1579_4596222.532","Terrestrial","Insect",7,20,6,9,0.3,0.851485148514851,0.45,0.138613861386139,0.5,0.627777777777777,0.0396039603960396,0.87066569544663,0.717238434424997
