"datasetID","site","system","taxa","propCore","propTrans","meanAbundance"
33," L4_Station_English_Channel_10L_sample_at_10m_subsample_analyzed ","Marine","Plankton",0.509554140127389,0.299363057324841,18003537.5555556
41,"censusbreedingbirdsNeotoma","Terrestrial","Bird",0.696428571428571,0.196428571428571,115.1
46,"Skokholm","Terrestrial","Bird",0.275862068965517,0.655172413793103,186.36170212766
47,"Lousana","Terrestrial","Bird",1,0,367
47,"Redvers","Terrestrial","Bird",0.769230769230769,0.0769230769230769,276.769230769231
70," Belgium ","Terrestrial","Invertebrate",0.96,0,25364.7857142857
207,"Toolik_B1","Terrestrial","Plant",0.352941176470588,0.647058823529412,128.7396
207,"Toolik_B2","Terrestrial","Plant",0.428571428571429,0.571428571428571,112.911833333333
207,"Toolik_B3","Terrestrial","Plant",0.4,0.6,100.070166666667
207,"Toolik_B4","Terrestrial","Plant",0.4,0.6,130.2425
208,"CF","Terrestrial","Invertebrate",0.230769230769231,0.692307692307692,120.166666666667
208,"DF","Terrestrial","Invertebrate",0.2,0.7,106.285714285714
208,"SF","Terrestrial","Invertebrate",0.333333333333333,0.5,105.833333333333
208,"T1","Terrestrial","Invertebrate",0.176470588235294,0.588235294117647,180.909090909091
208,"T2","Terrestrial","Invertebrate",0.25,0.375,228.6
208,"T3","Terrestrial","Invertebrate",0.294117647058824,0.647058823529412,185.555555555556
208,"T4","Terrestrial","Invertebrate",0.230769230769231,0.538461538461538,173
208,"T5","Terrestrial","Invertebrate",0.210526315789474,0.684210526315789,154.714285714286
208,"T6","Terrestrial","Invertebrate",0.25,0.5625,184.846153846154
208,"T7","Terrestrial","Invertebrate",0.263157894736842,0.631578947368421,186.727272727273
210,"maxgrain_A","Terrestrial","Plant",0.186813186813187,0.571428571428571,9992.28552608696
210,"maxgrain_B","Terrestrial","Plant",0.32258064516129,0.56989247311828,11832.1583666667
210,"maxgrain_C","Terrestrial","Plant",0.354545454545455,0.5,15492.5574333333
213,"e1q1-1","Terrestrial","Plant",0.173913043478261,0.826086956521739,77.7894736842105
213,"e1q1-2","Terrestrial","Plant",0.0740740740740741,0.814814814814815,75.5405405405405
213,"e1q1-3","Terrestrial","Plant",0.0714285714285714,0.821428571428571,71.2820512820513
213,"e1q1a-1","Terrestrial","Plant",0.107142857142857,0.821428571428571,76.75
213,"e1q1a-2","Terrestrial","Plant",0.1,0.8,71.9
213,"e1q1a-3","Terrestrial","Plant",0.0789473684210526,0.868421052631579,84.025641025641
213,"e1q2-1","Terrestrial","Plant",0.0769230769230769,0.807692307692308,69.1034482758621
213,"e1q2-2","Terrestrial","Plant",0.0555555555555556,0.888888888888889,61.0333333333333
213,"e1q2-3","Terrestrial","Plant",0.137931034482759,0.793103448275862,68.8666666666667
213,"e1q2-4","Terrestrial","Plant",0.176470588235294,0.647058823529412,69.7333333333333
213,"e1q2-5","Terrestrial","Plant",0.2,0.7,76.8666666666667
213,"e1q2-6","Terrestrial","Plant",0.12,0.84,52.5
213,"e1q2-7","Terrestrial","Plant",0.25,0.75,65.1071428571429
213,"e1q2-8","Terrestrial","Plant",0.16,0.8,53.9666666666667
213,"e1q3-1","Terrestrial","Plant",0.105263157894737,0.736842105263158,59.7
213,"e1q3-2","Terrestrial","Plant",0.0740740740740741,0.814814814814815,54.2051282051282
213,"e1q3-3","Terrestrial","Plant",0.103448275862069,0.793103448275862,69.6
213,"e1q3a-1","Terrestrial","Plant",0.166666666666667,0.722222222222222,49.6666666666667
213,"e1q3a-2","Terrestrial","Plant",0.263157894736842,0.631578947368421,63.8108108108108
213,"e1q3a-3","Terrestrial","Plant",0.136363636363636,0.681818181818182,62.4210526315789
213,"e1q4-1","Terrestrial","Plant",0.18,0.62,109.526315789474
213,"e1q4-2","Terrestrial","Plant",0.25,0.638888888888889,76.7894736842105
213,"e1q4a-1","Terrestrial","Plant",0.136363636363636,0.681818181818182,78.6578947368421
213,"e1q4a-2","Terrestrial","Plant",0.133333333333333,0.644444444444444,89.1052631578947
213,"e1q5-1","Terrestrial","Plant",0.178571428571429,0.607142857142857,91.6923076923077
213,"e1q5-2","Terrestrial","Plant",0.111111111111111,0.722222222222222,68.0263157894737
213,"e1q5-3","Terrestrial","Plant",0.08,0.8,82.6923076923077
213,"e1q5-4","Terrestrial","Plant",0.125,0.75,81.5789473684211
213,"e2q2-1","Terrestrial","Plant",0.1,0.8,69.5405405405405
213,"e2q2-2","Terrestrial","Plant",0.193548387096774,0.709677419354839,99.0263157894737
213,"e2q2-3","Terrestrial","Plant",0.111111111111111,0.688888888888889,93.1315789473684
213,"e2q2-4","Terrestrial","Plant",0.0810810810810811,0.702702702702703,104.15
213,"e2q3-1","Terrestrial","Plant",0.0625,0.75,91.1282051282051
213,"e2q3-2","Terrestrial","Plant",0.15,0.7,85.4871794871795
213,"e2q3a-1","Terrestrial","Plant",0.0967741935483871,0.741935483870968,73.875
213,"e2q3a-2","Terrestrial","Plant",0.0769230769230769,0.730769230769231,96.575
213,"e2qa-1","Terrestrial","Plant",0.157894736842105,0.789473684210526,117.263157894737
213,"e2qa-2","Terrestrial","Plant",0.0909090909090909,0.727272727272727,99.9166666666667
213,"e2qa-3","Terrestrial","Plant",0.0714285714285714,0.821428571428571,88.4864864864865
213,"e2qa-4","Terrestrial","Plant",0.0689655172413793,0.862068965517241,107.272727272727
213,"e2qa-5","Terrestrial","Plant",0.0740740740740741,0.777777777777778,79.4848484848485
213,"e2qo-1","Terrestrial","Plant",0.241379310344828,0.517241379310345,83.5
213,"e2qo-10","Terrestrial","Plant",0.142857142857143,0.714285714285714,92.4736842105263
213,"e2qo-2","Terrestrial","Plant",0.153846153846154,0.615384615384615,79.7619047619048
213,"e2qo-3","Terrestrial","Plant",0.0740740740740741,0.814814814814815,94.3947368421053
213,"e2qo-4","Terrestrial","Plant",0.0952380952380952,0.714285714285714,85.0857142857143
213,"e2qo-5","Terrestrial","Plant",0.125,0.6875,90.78125
213,"e2qo-6","Terrestrial","Plant",0.117647058823529,0.647058823529412,85.1142857142857
213,"e2qo-7","Terrestrial","Plant",0.08,0.88,92.7894736842105
213,"e2qo-8","Terrestrial","Plant",0.0869565217391304,0.826086956521739,111.324324324324
213,"e2qo-9","Terrestrial","Plant",0.0909090909090909,0.818181818181818,75.2857142857143
217,"a","Terrestrial","Plant",0.642553191489362,0.2,9928.23529411765
217,"b","Terrestrial","Plant",0.623015873015873,0.257936507936508,9727.35294117647
217,"c","Terrestrial","Plant",0.575875486381323,0.264591439688716,9751.23529411765
217,"d","Terrestrial","Plant",0.58102766798419,0.24901185770751,9509.52941176471
218,"A_1","Terrestrial","Plant",0.371428571428571,0.485714285714286,29
218,"A_10","Terrestrial","Plant",0.439024390243902,0.390243902439024,27.75
218,"A_2","Terrestrial","Plant",0.378378378378378,0.243243243243243,29.25
218,"A_3","Terrestrial","Plant",0.439024390243902,0.317073170731707,34.875
218,"A_4","Terrestrial","Plant",0.422222222222222,0.311111111111111,36
218,"A_5","Terrestrial","Plant",0.448979591836735,0.285714285714286,40.5
218,"A_6","Terrestrial","Plant",0.414634146341463,0.292682926829268,28.375
218,"A_7","Terrestrial","Plant",0.5,0.289473684210526,29.5
218,"A_8","Terrestrial","Plant",0.447368421052632,0.157894736842105,32.375
218,"A_9","Terrestrial","Plant",0.371428571428571,0.342857142857143,24.75
218,"B_0","Terrestrial","Plant",0.653846153846154,0.346153846153846,25
218,"B_1","Terrestrial","Plant",0.361702127659574,0.340425531914894,27.875
218,"B_2","Terrestrial","Plant",0.428571428571429,0.357142857142857,31.625
218,"B_3","Terrestrial","Plant",0.435897435897436,0.282051282051282,29
218,"B_4","Terrestrial","Plant",0.306122448979592,0.428571428571429,28.625
218,"B_5","Terrestrial","Plant",0.239130434782609,0.391304347826087,24
218,"B_6","Terrestrial","Plant",0.263157894736842,0.605263157894737,21.125
218,"B_7","Terrestrial","Plant",0.555555555555556,0.222222222222222,29.375
218,"B_8","Terrestrial","Plant",0.428571428571429,0.4,26.1428571428571
218,"C_1","Terrestrial","Plant",0.486486486486487,0.351351351351351,26.375
218,"C_2","Terrestrial","Plant",0.466666666666667,0.3,25
218,"C_3","Terrestrial","Plant",0.325,0.4,29.625
218,"C_4","Terrestrial","Plant",0.325,0.275,27.5
218,"C_5","Terrestrial","Plant",0.27027027027027,0.432432432432432,21.5
218,"C_6","Terrestrial","Plant",0.382352941176471,0.323529411764706,22.75
218,"C_7","Terrestrial","Plant",0.390243902439024,0.365853658536585,27
218,"C_8","Terrestrial","Plant",0.263157894736842,0.447368421052632,20.375
218,"D_1","Terrestrial","Plant",0.44,0.26,40.75
218,"D_2","Terrestrial","Plant",0.523809523809524,0.238095238095238,35.625
218,"D_3","Terrestrial","Plant",0.477272727272727,0.25,37.25
218,"D_4","Terrestrial","Plant",0.390243902439024,0.268292682926829,29.375
218,"D_5","Terrestrial","Plant",0.404761904761905,0.357142857142857,30
218,"D_6","Terrestrial","Plant",0.348837209302326,0.325581395348837,27.375
218,"D_7","Terrestrial","Plant",0.404761904761905,0.30952380952381,28.5
218,"D_8","Terrestrial","Plant",0.375,0.3,26.75
218,"E_1","Terrestrial","Plant",0.366666666666667,0.366666666666667,24.5
218,"E_2","Terrestrial","Plant",0.377358490566038,0.320754716981132,35.375
218,"E_3","Terrestrial","Plant",0.319148936170213,0.382978723404255,29.125
218,"E_4","Terrestrial","Plant",0.380952380952381,0.285714285714286,31.375
218,"E_5","Terrestrial","Plant",0.304347826086957,0.326086956521739,28.75
218,"E_6","Terrestrial","Plant",0.384615384615385,0.256410256410256,26.5
218,"E_7","Terrestrial","Plant",0.465116279069767,0.325581395348837,28.875
218,"E_8","Terrestrial","Plant",0.302325581395349,0.372093023255814,27.75
221,"1","Terrestrial","Plant",0.19672131147541,0.442622950819672,1234.35714285714
221,"10","Terrestrial","Plant",0.11864406779661,0.610169491525424,1299.78571428571
221,"11","Terrestrial","Plant",0.0178571428571429,0.5,1179.71428571429
221,"12","Terrestrial","Plant",0.0526315789473684,0.596491228070175,1529.35714285714
221,"13","Terrestrial","Plant",0.128571428571429,0.528571428571429,476.714285714286
221,"14","Terrestrial","Plant",0.0943396226415094,0.641509433962264,696.071428571429
221,"15","Terrestrial","Plant",0.0612244897959184,0.530612244897959,803.214285714286
221,"16","Terrestrial","Plant",0.0909090909090909,0.581818181818182,1246.14285714286
221,"17","Terrestrial","Plant",0.0714285714285714,0.642857142857143,790.285714285714
221,"18","Terrestrial","Plant",0.0517241379310345,0.568965517241379,270.071428571429
221,"19","Terrestrial","Plant",0.106060606060606,0.606060606060606,597.5
221,"2","Terrestrial","Plant",0.17741935483871,0.516129032258065,1735.92857142857
221,"20","Terrestrial","Plant",0.087719298245614,0.631578947368421,1427.35714285714
221,"21","Terrestrial","Plant",0.127272727272727,0.581818181818182,1585.5
221,"22","Terrestrial","Plant",0.211538461538462,0.5,1425
221,"23","Terrestrial","Plant",0.140350877192982,0.631578947368421,1151.28571428571
221,"24","Terrestrial","Plant",0.0491803278688525,0.672131147540984,507.714285714286
221,"3","Terrestrial","Plant",0.101694915254237,0.576271186440678,1437.92857142857
221,"4","Terrestrial","Plant",0.137254901960784,0.509803921568627,1713.5
221,"5","Terrestrial","Plant",0.152542372881356,0.542372881355932,986.214285714286
221,"6","Terrestrial","Plant",0.138461538461538,0.6,723.642857142857
221,"7","Terrestrial","Plant",0.11864406779661,0.559322033898305,650.642857142857
221,"8","Terrestrial","Plant",0.196078431372549,0.411764705882353,1505.64285714286
221,"9","Terrestrial","Plant",0.163636363636364,0.472727272727273,1298
222,"SagebrushSteppe","Terrestrial","Plant",0.888888888888889,0.111111111111111,3.34676184541176
223,"maxgrain_C_1","Terrestrial","Plant",0.25,0.596153846153846,1369.22727272727
223,"maxgrain_C_2","Terrestrial","Plant",0.236842105263158,0.657894736842105,988.277777777778
223,"maxgrain_C_3","Terrestrial","Plant",0.275862068965517,0.53448275862069,2173
223,"maxgrain_C_4","Terrestrial","Plant",0.181818181818182,0.659090909090909,1255.84444444444
223,"maxgrain_G_2","Terrestrial","Plant",0.078125,0.578125,1774.11428571429
223,"maxgrain_G_3","Terrestrial","Plant",0.142857142857143,0.482142857142857,1379.45384615385
223,"maxgrain_G_4","Terrestrial","Plant",0.0727272727272727,0.509090909090909,1788.96363636364
224,"open","Terrestrial","Plant",0.2,0.6,2290.96428571429
224,"shrub","Terrestrial","Plant",0.296296296296296,0.555555555555556,1938.44444444444
225,"205","Terrestrial","Plant",0.496124031007752,0.356589147286822,162.5
225,"206","Terrestrial","Plant",0.521739130434783,0.333333333333333,180.083333333333
225,"208","Terrestrial","Plant",0.5,0.354838709677419,161.25
225,"220","Terrestrial","Plant",0.519685039370079,0.330708661417323,164.916666666667
225,"222","Terrestrial","Plant",0.559440559440559,0.307692307692308,191.833333333333
225,"226","Terrestrial","Plant",0.470588235294118,0.404411764705882,169.5
225,"238","Terrestrial","Plant",0.52317880794702,0.337748344370861,185.5
225,"244","Terrestrial","Plant",0.482993197278912,0.326530612244898,182.583333333333
225,"254","Terrestrial","Plant",0.465346534653465,0.376237623762376,127.083333333333
225,"259","Terrestrial","Plant",0.543689320388349,0.349514563106796,137
225,"303","Terrestrial","Plant",0.603053435114504,0.297709923664122,186.75
225,"307","Terrestrial","Plant",0.477124183006536,0.405228758169935,184.333333333333
225,"308","Terrestrial","Plant",0.549450549450549,0.307692307692308,135.25
225,"309","Terrestrial","Plant",0.545454545454545,0.348484848484849,170.75
225,"317","Terrestrial","Plant",0.496062992125984,0.338582677165354,166.833333333333
225,"319","Terrestrial","Plant",0.590909090909091,0.272727272727273,160.25
225,"331","Terrestrial","Plant",0.492857142857143,0.392857142857143,170.5
225,"343","Terrestrial","Plant",0.56140350877193,0.368421052631579,154.25
225,"346","Terrestrial","Plant",0.553571428571429,0.294642857142857,150.5
225,"350","Terrestrial","Plant",0.560606060606061,0.325757575757576,172.166666666667
226,"d226_ew","Terrestrial","Bird",0.644444444444444,0.2,169.896551724138
228,"hb","Terrestrial","Bird",0.558823529411765,0.205882352941176,241.154761904762
228,"mk","Terrestrial","Bird",0.515151515151515,0.303030303030303,176.883333333333
228,"rp","Terrestrial","Bird",0.580645161290323,0.225806451612903,172.5
228,"sm","Terrestrial","Bird",0.592592592592593,0.259259259259259,145.283333333333
231,"001D-E","Terrestrial","Mammal",0.1,0.6,14.8181818181818
231,"001D-W","Terrestrial","Mammal",0.1,0.7,11.7878787878788
231,"004B-E","Terrestrial","Mammal",0.181818181818182,0.636363636363636,20.5757575757576
231,"004B-W","Terrestrial","Mammal",0.2,0.6,25.9393939393939
231,"004F-E","Terrestrial","Mammal",0.2,0.5,18.75
231,"004F-W","Terrestrial","Mammal",0.363636363636364,0.454545454545455,22.030303030303
231,"020B-E","Terrestrial","Mammal",0.363636363636364,0.454545454545455,32.9393939393939
231,"020B-W","Terrestrial","Mammal",0.2,0.4,34.3636363636364
231,"N01B-E","Terrestrial","Mammal",0.166666666666667,0.583333333333333,29.2424242424242
231,"N01B-W","Terrestrial","Mammal",0.166666666666667,0.666666666666667,25.6363636363636
231,"N04D-E","Terrestrial","Mammal",0.1,0.5,18.7575757575758
231,"N04D-W","Terrestrial","Mammal",0.333333333333333,0.5,24.4242424242424
231,"N20B-N","Terrestrial","Mammal",0.166666666666667,0.583333333333333,20.4375
231,"N20B-S","Terrestrial","Mammal",0.2,0.5,17.90625
232,"maxgrain","Terrestrial","Mammal",0.708333333333333,0.25,1212.25
234,"1","Terrestrial","Mammal",0.5625,0.25,1660.90909090909
237,"1","Terrestrial","Mammal",0.7,0.3,1706.75
237,"10","Terrestrial","Mammal",0.7,0.2,1926.36363636364
237,"12","Terrestrial","Mammal",0.777777777777778,0.222222222222222,1784.55555555556
237,"14","Terrestrial","Mammal",0.636363636363636,0.363636363636364,1642.75
238,"1","Terrestrial","Plant",0.327868852459016,0.409836065573771,114.688
238,"2","Terrestrial","Plant",0.339622641509434,0.471698113207547,117.3473125
238,"3","Terrestrial","Plant",0.322033898305085,0.406779661016949,100.618
238,"4","Terrestrial","Plant",0.377049180327869,0.39344262295082,120.7551875
238,"5","Terrestrial","Plant",0.360655737704918,0.426229508196721,123.7385
238,"6","Terrestrial","Plant",0.313432835820896,0.402985074626866,132.148125
238,"7","Terrestrial","Plant",0.433962264150943,0.433962264150943,105.427375
238,"8","Terrestrial","Plant",0.323529411764706,0.455882352941176,105.0023125
238,"9","Terrestrial","Plant",0.327586206896552,0.482758620689655,116.7086875
238,"10","Terrestrial","Plant",0.370967741935484,0.435483870967742,118.5465
238,"11","Terrestrial","Plant",0.357142857142857,0.464285714285714,105.3361875
238,"12","Terrestrial","Plant",0.315789473684211,0.385964912280702,111.9270625
238,"13","Terrestrial","Plant",0.344262295081967,0.459016393442623,117.1915
238,"14","Terrestrial","Plant",0.301587301587302,0.476190476190476,107.298375
238,"15","Terrestrial","Plant",0.298245614035088,0.473684210526316,104.4506875
238,"16","Terrestrial","Plant",0.379310344827586,0.379310344827586,105.4304375
241,"1","Marine","Benthos",0.1,0.625,1964.5652173913
241,"2","Marine","Benthos",0.120481927710843,0.674698795180723,2713.86363636364
241,"3","Marine","Benthos",0.178082191780822,0.698630136986301,2427.61904761905
241,"4","Marine","Benthos",0.306930693069307,0.554455445544555,2787
241,"5","Marine","Benthos",0.344444444444444,0.488888888888889,2254.13043478261
241,"6","Marine","Benthos",0.241758241758242,0.626373626373626,2612.61904761905
241,"7","Marine","Benthos",0.233333333333333,0.433333333333333,1624.375
242,"1","Marine","Fish",0.0769230769230769,0.615384615384615,116
242,"2","Marine","Fish",0.0909090909090909,0.590909090909091,45.2727272727273
242,"3","Marine","Fish",0.0833333333333333,0.75,40.4545454545455
242,"4","Marine","Fish",0.321428571428571,0.607142857142857,224.416666666667
242,"5","Marine","Fish",0.291666666666667,0.458333333333333,245.363636363636
242,"6","Marine","Fish",0.217391304347826,0.565217391304348,121.761904761905
242,"7","Marine","Fish",0.2,0.5,7.85714285714286
243,"maxgrain","Marine","Fish",0.592592592592593,0.333333333333333,3360.58823529412
244,"1","Marine","Benthos",0.608695652173913,0.217391304347826,483.854444486
244,"2","Marine","Benthos",0.545454545454545,0.363636363636364,1296.645555566
244,"3","Marine","Benthos",0.739130434782609,0.130434782608696,1317.83888894
244,"4","Marine","Benthos",0.692307692307692,0.230769230769231,891.169444498
244,"5","Marine","Benthos",0.541666666666667,0.291666666666667,919.200060527586
244,"6","Marine","Benthos",0.615384615384615,0.230769230769231,2114.815085502
244,"7","Marine","Benthos",0.52,0.36,904.524444478
244,"8","Marine","Benthos",0.541666666666667,0.375,1516.935555604
244,"9","Marine","Benthos",0.478260869565217,0.434782608695652,3178.999999912
244,"10","Marine","Benthos",0.615384615384615,0.153846153846154,1278.62500010077
244,"11","Marine","Benthos",0.56,0.2,1553.535842944
244,"12","Marine","Benthos",0.458333333333333,0.333333333333333,1423.835555558
244,"13","Marine","Benthos",0.64,0.36,1944.103888912
244,"14","Marine","Benthos",0.6,0.32,2994.662777862
244,"15","Marine","Benthos",0.36,0.48,4989.397222332
244,"16","Marine","Benthos",0.333333333333333,0.416666666666667,2703.74999991923
244,"21","Marine","Benthos",0.8,0.15,867.643939423636
244,"22","Marine","Benthos",0.85,0.15,1287.29761908857
244,"23","Marine","Benthos",0.789473684210526,0.105263157894737,1435.07142854571
244,"24","Marine","Benthos",0.833333333333333,0.166666666666667,483.726190525714
244,"25","Marine","Benthos",0.75,0.1,889.488095288571
244,"26","Marine","Benthos",0.789473684210526,0.105263157894737,1552.65476202857
244,"27","Marine","Benthos",0.833333333333333,0.166666666666667,1932.67857142286
244,"28","Marine","Benthos",0.619047619047619,0.19047619047619,1941.60714289714
244,"29","Marine","Benthos",0.875,0.125,1339.07142864857
244,"30","Marine","Benthos",0.882352941176471,0.0588235294117647,5115.70238091429
244,"31","Marine","Benthos",0.85,0.1,1995.03571435714
244,"32","Marine","Benthos",0.75,0.2,6052.34523783429
244,"33","Marine","Benthos",0.777777777777778,0.111111111111111,1181.28571439143
244,"34","Marine","Benthos",0.761904761904762,0.19047619047619,3424.39285727143
244,"35","Marine","Benthos",0.85,0.1,4690.41666683143
244,"36","Marine","Benthos",0.684210526315789,0.263157894736842,1742.75000007429
244,"37","Marine","Benthos",0.666666666666667,0.19047619047619,1525.33333337143
246,"1","Marine","Fish",0.447368421052632,0.447368421052632,2545.75
246,"2","Marine","Fish",0.444444444444444,0.444444444444444,1247.4375
246,"3","Marine","Fish",0.422222222222222,0.444444444444444,1712.4375
246,"4","Marine","Fish",0.428571428571429,0.404761904761905,2329.5
246,"5","Marine","Fish",0.358974358974359,0.41025641025641,1110.4375
246,"6","Marine","Fish",0.375,0.45,2003.25
246,"7","Marine","Fish",0.41304347826087,0.456521739130435,3571.6875
246,"8","Marine","Fish",0.372093023255814,0.511627906976744,2476.3125
246,"9","Marine","Fish",0.363636363636364,0.454545454545455,2266.0625
246,"10","Marine","Fish",0.195652173913043,0.543478260869565,1514
246,"11","Marine","Fish",0.317073170731707,0.51219512195122,5419.3125
246,"12","Marine","Fish",0.363636363636364,0.545454545454545,2744.3125
246,"13","Marine","Fish",0.418604651162791,0.418604651162791,3153.125
246,"14","Marine","Fish",0.181818181818182,0.575757575757576,668.375
246,"15","Marine","Fish",0.263157894736842,0.578947368421053,2293.6875
246,"16","Marine","Fish",0.30952380952381,0.571428571428571,1945.375
246,"22","Marine","Fish",0.514285714285714,0.285714285714286,1179
246,"23","Marine","Fish",0.527777777777778,0.305555555555556,2136.85714285714
246,"24","Marine","Fish",0.59375,0.15625,1697.57142857143
246,"25","Marine","Fish",0.575757575757576,0.303030303030303,1940.28571428571
246,"26","Marine","Fish",0.452380952380952,0.428571428571429,3545.85714285714
246,"27","Marine","Fish",0.527777777777778,0.277777777777778,3669.14285714286
246,"28","Marine","Fish",0.465116279069767,0.441860465116279,3699.42857142857
246,"29","Marine","Fish",0.473684210526316,0.368421052631579,4244.42857142857
246,"30","Marine","Fish",0.571428571428571,0.25,4297.71428571429
246,"31","Marine","Fish",0.5,0.233333333333333,4154.14285714286
246,"32","Marine","Fish",0.484848484848485,0.333333333333333,4473.42857142857
246,"33","Marine","Fish",0.516129032258065,0.290322580645161,4718.14285714286
246,"34","Marine","Fish",0.515151515151515,0.303030303030303,3583.28571428571
246,"35","Marine","Fish",0.34375,0.5625,1758.57142857143
246,"36","Marine","Fish",0.2,0.542857142857143,1520.28571428571
246,"37","Marine","Fish",0.421052631578947,0.447368421052632,5215.85714285714
247,"224398.603_4702460.025","Terrestrial","Invertebrate",0.44,0.4,3900.40444444444
247,"255549.15_4571555.12","Terrestrial","Invertebrate",0.3,0.45,2423.12466666667
247,"444979.7957_4609829.505","Terrestrial","Invertebrate",0.35,0.35,5332.35692307692
247,"447651.2162_4609884.569","Terrestrial","Invertebrate",0.5,0.444444444444444,6343.767
247,"449158.0896_4606861.348","Terrestrial","Invertebrate",0.307692307692308,0.5,4296.64617647059
247,"450259.9927_4649982.753","Terrestrial","Invertebrate",0.44,0.4,11453.5597058824
247,"546064.8738_4708921.485","Terrestrial","Invertebrate",0.380952380952381,0.523809523809524,3677.9612
247,"555217.7544_4702548.789","Terrestrial","Invertebrate",0.5,0.5,2754.61
247,"557092.8397_4701434.983","Terrestrial","Invertebrate",0.4,0.45,2783.62666666667
247,"604084.8723_4658114.179","Terrestrial","Invertebrate",0.346153846153846,0.538461538461538,4533.74611111111
247,"692033.2481_4704389.533","Terrestrial","Invertebrate",0.380952380952381,0.476190476190476,2323.54
247,"692947.6609_4709516.123","Terrestrial","Invertebrate",0.529411764705882,0.411764705882353,1541.36
247,"698107.1579_4596222.532","Terrestrial","Invertebrate",0.368421052631579,0.421052631578947,1618.02857142857
248,"maxgrain_ABUR_1","Marine","Fish",0,0.733333333333333,16.125
248,"maxgrain_ABUR_2","Marine","Fish",0,0.8,7.4
248,"maxgrain_AHND_1","Marine","Fish",0.05,0.85,31.6
248,"maxgrain_AHND_2","Marine","Fish",0.115384615384615,0.730769230769231,42.9166666666667
248,"maxgrain_AQUE_1","Marine","Fish",0,0.928571428571429,11
248,"maxgrain_AQUE_2","Marine","Fish",0.16,0.64,30
248,"maxgrain_AQUE_3","Marine","Fish",0.136363636363636,0.636363636363636,31.5833333333333
248,"maxgrain_AQUE_4","Marine","Fish",0.0967741935483871,0.774193548387097,31.3333333333333
248,"maxgrain_AQUE_5","Marine","Fish",0.0769230769230769,0.769230769230769,35.75
248,"maxgrain_AQUE_6","Marine","Fish",0.0714285714285714,0.714285714285714,27.7272727272727
248,"maxgrain_BULL_1","Marine","Fish",0,0.904761904761905,9.41666666666667
248,"maxgrain_BULL_3","Marine","Fish",0,0.818181818181818,11.5454545454545
248,"maxgrain_BULL_6","Marine","Fish",0,0.894736842105263,11.3333333333333
248,"maxgrain_CARP_1","Marine","Fish",0.0476190476190476,0.761904761904762,24.5384615384615
248,"maxgrain_CARP_2","Marine","Fish",0,0.85,13.8181818181818
248,"maxgrain_CARP_3","Marine","Fish",0.0454545454545455,0.727272727272727,11.0909090909091
248,"maxgrain_CARP_4","Marine","Fish",0.1,0.8,8.45454545454546
248,"maxgrain_CARP_5","Marine","Fish",0.0666666666666667,0.8,7.33333333333333
248,"maxgrain_CARP_6","Marine","Fish",0,0.75,5.41666666666667
248,"maxgrain_CARP_7","Marine","Fish",0,0.9375,13.5833333333333
248,"maxgrain_CARP_8","Marine","Fish",0,0.833333333333333,13
248,"maxgrain_GOLB_1","Marine","Fish",0,0.714285714285714,11.8181818181818
248,"maxgrain_GOLB_2","Marine","Fish",0,0.625,15.25
248,"maxgrain_IVEE_1","Marine","Fish",0.0588235294117647,0.764705882352941,15.75
248,"maxgrain_IVEE_2","Marine","Fish",0,0.818181818181818,15.5833333333333
248,"maxgrain_MOHK_1","Marine","Fish",0.142857142857143,0.619047619047619,36.75
248,"maxgrain_MOHK_2","Marine","Fish",0.111111111111111,0.777777777777778,26.4166666666667
248,"maxgrain_NAPL_1","Marine","Fish",0.173913043478261,0.608695652173913,55.2307692307692
248,"maxgrain_NAPL_2","Marine","Fish",0.272727272727273,0.363636363636364,45.6923076923077
248,"maxgrain_NAPL_3","Marine","Fish",0.142857142857143,0.666666666666667,40.3076923076923
248,"maxgrain_NAPL_4","Marine","Fish",0.0952380952380952,0.714285714285714,21.7692307692308
248,"maxgrain_NAPL_5","Marine","Fish",0.285714285714286,0.476190476190476,78.6153846153846
248,"maxgrain_NAPL_6","Marine","Fish",0.151515151515152,0.666666666666667,85.9230769230769
248,"maxgrain_NAPL_7","Marine","Fish",0.172413793103448,0.620689655172414,45.9230769230769
248,"maxgrain_NAPL_8","Marine","Fish",0.214285714285714,0.535714285714286,61.2307692307692
248,"maxgrain_SCDI_2","Marine","Fish",0.3,0.5,86.7777777777778
248,"maxgrain_SCDI_3","Marine","Fish",0.269230769230769,0.384615384615385,90.8888888888889
248,"maxgrain_SCTW_2","Marine","Fish",0.333333333333333,0.518518518518518,56
248,"maxgrain_SCTW_3","Marine","Fish",0.333333333333333,0.407407407407407,147.111111111111
250,"BCB","Freshwater","Fish",0.545454545454545,0.272727272727273,306.2
250,"CC","Freshwater","Fish",0.5,0.357142857142857,224.666666666667
252,"C_A_1","Terrestrial","Invertebrate",0.0344827586206897,0.758620689655172,52.125
252,"C_A_3","Terrestrial","Invertebrate",0.0816326530612245,0.816326530612245,50
252,"C_A_5","Terrestrial","Invertebrate",0.046875,0.875,47.8888888888889
252,"C_B_1","Terrestrial","Invertebrate",0.0128205128205128,0.858974358974359,62.75
252,"C_B_3","Terrestrial","Invertebrate",0.0563380281690141,0.915492957746479,43.4444444444444
252,"C_B_5","Terrestrial","Invertebrate",0.0512820512820513,0.923076923076923,72.1111111111111
252,"C_C_1","Terrestrial","Invertebrate",0.0140845070422535,0.788732394366197,60.125
252,"C_C_3","Terrestrial","Invertebrate",0.0735294117647059,0.882352941176471,50.8888888888889
252,"C_C_5","Terrestrial","Invertebrate",0.0740740740740741,0.833333333333333,38.5
252,"C_D_1","Terrestrial","Invertebrate",0.0410958904109589,0.876712328767123,51.8888888888889
252,"C_D_3","Terrestrial","Invertebrate",0.0625,0.859375,51.5555555555556
252,"C_D_5","Terrestrial","Invertebrate",0.0416666666666667,0.875,54.3333333333333
252,"C_E_1","Terrestrial","Invertebrate",0.0344827586206897,0.873563218390805,57.4
252,"C_E_3","Terrestrial","Invertebrate",0.0294117647058824,0.867647058823529,48.5555555555556
252,"C_E_5","Terrestrial","Invertebrate",0.025974025974026,0.844155844155844,77.6
252,"G_A_1","Terrestrial","Invertebrate",0.0454545454545455,0.863636363636364,89.8181818181818
252,"G_A_3","Terrestrial","Invertebrate",0.0465116279069767,0.872093023255814,58
252,"G_A_5","Terrestrial","Invertebrate",0.0144927536231884,0.869565217391304,56.3
252,"G_B_1","Terrestrial","Invertebrate",0.0144927536231884,0.840579710144927,75.3
252,"G_B_3","Terrestrial","Invertebrate",0.0454545454545455,0.848484848484849,69.8
252,"G_B_5","Terrestrial","Invertebrate",0.0769230769230769,0.846153846153846,87.5555555555556
252,"G_C_1","Terrestrial","Invertebrate",0.0657894736842105,0.815789473684211,88.4444444444444
252,"G_C_3","Terrestrial","Invertebrate",0.0649350649350649,0.87012987012987,105.222222222222
252,"G_C_5","Terrestrial","Invertebrate",0.028169014084507,0.788732394366197,86.25
252,"G_D_1","Terrestrial","Invertebrate",0.0379746835443038,0.860759493670886,84.3
252,"G_D_3","Terrestrial","Invertebrate",0.0625,0.8125,113.666666666667
252,"G_D_5","Terrestrial","Invertebrate",0.0666666666666667,0.866666666666667,96.5555555555556
252,"G_E_1","Terrestrial","Invertebrate",0.0317460317460317,0.873015873015873,38.5714285714286
252,"G_E_3","Terrestrial","Invertebrate",0.0512820512820513,0.897435897435897,118.222222222222
252,"G_E_5","Terrestrial","Invertebrate",0.0416666666666667,0.805555555555556,82.875
252,"P_A_1","Terrestrial","Invertebrate",0.0319148936170213,0.829787234042553,98.5714285714286
252,"P_A_3","Terrestrial","Invertebrate",0.0476190476190476,0.777777777777778,122.142857142857
252,"P_A_5","Terrestrial","Invertebrate",0.0833333333333333,0.777777777777778,39.5
252,"P_B_3","Terrestrial","Invertebrate",0.024390243902439,0.817073170731707,80.375
252,"P_B_5","Terrestrial","Invertebrate",0.116279069767442,0.813953488372093,45.3333333333333
252,"P_C_1","Terrestrial","Invertebrate",0.0465116279069767,0.813953488372093,120.125
252,"P_C_3","Terrestrial","Invertebrate",0.0655737704918033,0.770491803278688,83.2857142857143
252,"P_D_1","Terrestrial","Invertebrate",0.021505376344086,0.817204301075269,173
252,"P_D_3","Terrestrial","Invertebrate",0.0493827160493827,0.765432098765432,119.25
252,"P_E_1","Terrestrial","Invertebrate",0.0819672131147541,0.786885245901639,66.4285714285714
252,"P_E_3","Terrestrial","Invertebrate",0.0636363636363636,0.890909090909091,182.222222222222
252,"P_E_5","Terrestrial","Invertebrate",0.0352941176470588,0.811764705882353,83.125
254,"1","Terrestrial","Mammal",0.523809523809524,0.476190476190476,766.133333333333
255,"1","Marine","Fish",0.35,0.525,4571.42857142857
257,"1","Marine","Invertebrate",0.407407407407407,0.481481481481481,515.583333333333
258,"1BF","Terrestrial","Plant",0.338709677419355,0.451612903225806,1534.55555555556
258,"1BO","Terrestrial","Plant",0.373134328358209,0.462686567164179,2099.94444444444
258,"1CF","Terrestrial","Plant",0.412698412698413,0.492063492063492,1758.75555555556
258,"1CO","Terrestrial","Plant",0.37037037037037,0.444444444444444,1690.53333333333
258,"2BF","Terrestrial","Plant",0.333333333333333,0.478260869565217,1568.68888888889
258,"2BO","Terrestrial","Plant",0.226666666666667,0.586666666666667,1619.78888888889
258,"2CF","Terrestrial","Plant",0.259259259259259,0.580246913580247,1874.57777777778
258,"2CO","Terrestrial","Plant",0.220779220779221,0.532467532467532,1592.7
258,"3BF","Terrestrial","Plant",0.365079365079365,0.380952380952381,1523.22222222222
258,"3BO","Terrestrial","Plant",0.349397590361446,0.469879518072289,1616.18888888889
258,"3CF","Terrestrial","Plant",0.422535211267606,0.408450704225352,1666.48888888889
258,"3CO","Terrestrial","Plant",0.390243902439024,0.48780487804878,1699.7
258,"4BF","Terrestrial","Plant",0.347222222222222,0.486111111111111,1590.97777777778
258,"4BO","Terrestrial","Plant",0.353658536585366,0.51219512195122,1659.91111111111
258,"4CF","Terrestrial","Plant",0.352112676056338,0.450704225352113,1587.36666666667
258,"4CO","Terrestrial","Plant",0.34375,0.4375,1245.24444444444
259,"1","Terrestrial","Plant",0.391304347826087,0.369565217391304,30384.8571428571
260,"1","Marine","Plankton",0.36734693877551,0.36734693877551,944.444444444444
261,"1","Freshwater","Fish",0.346938775510204,0.571428571428571,429.75
263,"1","Terrestrial","Bird",0.25,0.625,64.6206896551724
264,"cm","Terrestrial","Bird",0.58,0.26,186.55
264,"k","Terrestrial","Bird",0.526315789473684,0.276315789473684,372.20125
264,"l","Terrestrial","Bird",0.607142857142857,0.321428571428571,212.782432432432
264,"ms","Terrestrial","Bird",0.58,0.34,231.9725
264,"ne","Terrestrial","Bird",0.481481481481481,0.314814814814815,120.7775
264,"nw","Terrestrial","Bird",0.545454545454545,0.327272727272727,119.88375
264,"w","Terrestrial","Bird",0.5,0.333333333333333,239.6475
265,"1","Terrestrial","Bird",0.439024390243902,0.463414634146341,131.59649122807
266,"1","Terrestrial","Bird",0.428571428571429,0.514285714285714,417
267,"1","Terrestrial","Bird",0.35,0.4,30.7272727272727
268,"1","Terrestrial","Bird",0.484848484848485,0.303030303030303,63.9259259259259
269,"K1","Terrestrial","Bird",0.384615384615385,0.576923076923077,89.5
269,"K2","Terrestrial","Bird",0.315789473684211,0.526315789473684,36.3157894736842
269,"OA","Terrestrial","Bird",0.304347826086957,0.478260869565217,60.1818181818182
269,"PAL","Terrestrial","Bird",0.333333333333333,0.5,73.1666666666667
270,"Ft Riley","Terrestrial","Bird",0.653846153846154,0.134615384615385,454
270,"Konza Prairie","Terrestrial","Bird",0.636363636363636,0.2,545
272,"1","Terrestrial","Bird",0.727272727272727,0.121212121212121,167.083333333333
274,"maxgrain_000b","Terrestrial","Invertebrate",0.533333333333333,0.333333333333333,298.2
274,"maxgrain_001d","Terrestrial","Invertebrate",0.214285714285714,0.571428571428571,367.869565217391
274,"maxgrain_002c","Terrestrial","Invertebrate",0.307692307692308,0.5,366.666666666667
274,"maxgrain_002d","Terrestrial","Invertebrate",0.28,0.48,318.190476190476
274,"maxgrain_004b","Terrestrial","Invertebrate",0.32,0.52,386.95652173913
274,"maxgrain_004d","Terrestrial","Invertebrate",0.533333333333333,0.333333333333333,387.625
274,"maxgrain_004f","Terrestrial","Invertebrate",0.36,0.48,295.47619047619
274,"maxgrain_020b","Terrestrial","Invertebrate",0.375,0.458333333333333,196.615384615385
274,"maxgrain_0spb","Terrestrial","Invertebrate",0.333333333333333,0.555555555555556,307
274,"maxgrain_0sub","Terrestrial","Invertebrate",0.444444444444444,0.444444444444444,211.538461538462
274,"maxgrain_n01a","Terrestrial","Invertebrate",0.516129032258065,0.290322580645161,386.571428571429
274,"maxgrain_n01b","Terrestrial","Invertebrate",0.310344827586207,0.344827586206897,267
274,"maxgrain_n04a","Terrestrial","Invertebrate",0.535714285714286,0.142857142857143,343.75
274,"maxgrain_n04d","Terrestrial","Invertebrate",0.354838709677419,0.451612903225806,346.818181818182
274,"maxgrain_n20a","Terrestrial","Invertebrate",0.451612903225806,0.354838709677419,297.5
274,"maxgrain_n20b","Terrestrial","Invertebrate",0.366666666666667,0.4,181.75
275,"100","Terrestrial","Invertebrate",0.272727272727273,0.727272727272727,8.44444444444444
275,"139","Terrestrial","Invertebrate",0.230769230769231,0.692307692307692,26.4285714285714
275,"142","Terrestrial","Invertebrate",0.166666666666667,0.583333333333333,31.6190476190476
275,"145","Terrestrial","Invertebrate",0.181818181818182,0.818181818181818,13.3333333333333
275,"148","Terrestrial","Invertebrate",0.166666666666667,0.75,28.1904761904762
275,"151","Terrestrial","Invertebrate",0.230769230769231,0.692307692307692,37.5454545454545
275,"190","Terrestrial","Invertebrate",0.230769230769231,0.692307692307692,37.5454545454545
275,"193","Terrestrial","Invertebrate",0.166666666666667,0.666666666666667,46.3181818181818
275,"199","Terrestrial","Invertebrate",0.181818181818182,0.727272727272727,7.23529411764706
275,"202","Terrestrial","Invertebrate",0.2,0.7,11.1
275,"241","Terrestrial","Invertebrate",0.3,0.7,18.3684210526316
275,"250","Terrestrial","Invertebrate",0.133333333333333,0.8,31.9090909090909
275,"292","Terrestrial","Invertebrate",0.25,0.75,30.4545454545455
275,"295","Terrestrial","Invertebrate",0.214285714285714,0.714285714285714,17.7
275,"298","Terrestrial","Invertebrate",0.230769230769231,0.692307692307692,14.8095238095238
275,"301","Terrestrial","Invertebrate",0.214285714285714,0.714285714285714,38.3636363636364
275,"304","Terrestrial","Invertebrate",0.25,0.75,31.8636363636364
275,"343","Terrestrial","Invertebrate",0.3,0.7,23.3636363636364
275,"346","Terrestrial","Invertebrate",0.272727272727273,0.727272727272727,26.4545454545455
275,"349","Terrestrial","Invertebrate",0.142857142857143,0.785714285714286,23.2272727272727
275,"352","Terrestrial","Invertebrate",0.230769230769231,0.692307692307692,17.95
275,"355","Terrestrial","Invertebrate",0.25,0.75,24.2272727272727
275,"37","Terrestrial","Invertebrate",0.181818181818182,0.636363636363636,20.0909090909091
275,"394","Terrestrial","Invertebrate",0.166666666666667,0.75,27
275,"397","Terrestrial","Invertebrate",0.0909090909090909,0.727272727272727,12.3636363636364
275,"40","Terrestrial","Invertebrate",0.2,0.7,24
275,"400","Terrestrial","Invertebrate",0.214285714285714,0.785714285714286,12.6666666666667
275,"403","Terrestrial","Invertebrate",0.272727272727273,0.727272727272727,14.9473684210526
275,"406","Terrestrial","Invertebrate",0.272727272727273,0.727272727272727,13.45
275,"46","Terrestrial","Invertebrate",0.25,0.666666666666667,19.3333333333333
275,"88","Terrestrial","Invertebrate",0.1,0.5,12.047619047619
275,"91","Terrestrial","Invertebrate",0.166666666666667,0.583333333333333,13.9545454545455
275,"97","Terrestrial","Invertebrate",0.230769230769231,0.615384615384615,18.1818181818182
276,"EL VERDE","Terrestrial","Bird",0.307692307692308,0.564102564102564,390.842105263158
277,"AL1","Freshwater","Plankton",0.727272727272727,0.163636363636364,2807.807
277,"BM1","Freshwater","Plankton",0.485714285714286,0.357142857142857,1760.65789473684
277,"CB1","Freshwater","Plankton",0.26027397260274,0.616438356164384,3689.27
277,"CR1","Freshwater","Plankton",0.292307692307692,0.523076923076923,2035.13964285714
277,"SP1","Freshwater","Plankton",0.454545454545455,0.454545454545455,2648.86380952381
277,"TB1","Freshwater","Plankton",0.264150943396226,0.433962264150943,1967.996
277,"TR2","Freshwater","Plankton",0.507042253521127,0.323943661971831,2062.68157894737
278,"CR_1","Freshwater","Plankton",0.230769230769231,0.571428571428571,14723.87
278,"SP_1","Freshwater","Plankton",0.284403669724771,0.587155963302752,38812.4
279,"ME","Freshwater","Plankton",0.523809523809524,0.238095238095238,1900.27777777778
279,"MO","Freshwater","Plankton",0.461538461538462,0.384615384615385,2183.75
280,"maxgrain_ME","Freshwater","Plankton",0.148550724637681,0.757246376811594,2032288.30062778
280,"maxgrain_MO","Freshwater","Plankton",0.195020746887967,0.688796680497925,2673743.96278
281,"50","Freshwater","Plant",0.28,0.52,171.545454545455
281,"56","Freshwater","Plant",0.571428571428571,0.285714285714286,398.818181818182
282,"50","Freshwater","Plant",0.4,0.24,328.166666666667
282,"56","Freshwater","Plant",0.592592592592593,0.259259259259259,398.6
285,"1","Terrestrial","Invertebrate",0.977443609022556,0,30418
287,"Konza_1","Terrestrial","Bird",0.0412371134020619,0.814432989690722,83.2173913043478
287,"Konza_10","Terrestrial","Bird",0.0526315789473684,0.831578947368421,72.0476190476191
287,"Konza_12","Terrestrial","Bird",0.0625,0.8125,46.5238095238095
287,"Konza_13","Terrestrial","Bird",0.0470588235294118,0.835294117647059,54.2105263157895
287,"Konza_14","Terrestrial","Bird",0.0379746835443038,0.886075949367089,39
287,"Konza_15","Terrestrial","Bird",0.073394495412844,0.761467889908257,106.583333333333
287,"Konza_16","Terrestrial","Bird",0.076271186440678,0.76271186440678,127.454545454545
287,"Konza_17","Terrestrial","Bird",0.0666666666666667,0.780952380952381,91.2173913043478
287,"Konza_18","Terrestrial","Bird",0.032258064516129,0.817204301075269,94.7
287,"Konza_2","Terrestrial","Bird",0.0352941176470588,0.835294117647059,60.0476190476191
287,"Konza_3","Terrestrial","Bird",0.0384615384615385,0.833333333333333,57.5714285714286
287,"Konza_4","Terrestrial","Bird",0.0526315789473684,0.807017543859649,23.625
287,"Konza_5","Terrestrial","Bird",0.0689655172413793,0.689655172413793,25.4166666666667
287,"Konza_6","Terrestrial","Bird",0.0410958904109589,0.849315068493151,39.7894736842105
287,"Konza_8","Terrestrial","Bird",0.0769230769230769,0.826923076923077,57.6111111111111
287,"Konza_9","Terrestrial","Bird",0.0363636363636364,0.872727272727273,35.5263157894737
288,"NT","Freshwater","Fish",0.411764705882353,0.352941176470588,1554.85714285714
289,"ep18","Terrestrial","Plant",0.906976744186046,0.0813953488372093,439.866666666667
289,"ep19","Terrestrial","Plant",0.8125,0.125,425.384615384615
289,"ep2","Terrestrial","Plant",0.829268292682927,0.0975609756097561,505.1875
289,"ep29","Terrestrial","Plant",0.94,0.02,471.571428571429
289,"ep3","Terrestrial","Plant",0.944444444444444,0.0416666666666667,495.375
289,"ep30","Terrestrial","Plant",0.901408450704225,0.0563380281690141,566.416666666667
289,"ep31","Terrestrial","Plant",0.59375,0.265625,222.7
289,"ep32","Terrestrial","Plant",0.888888888888889,0.0555555555555556,430.916666666667
289,"ep33","Terrestrial","Plant",0.86,0.12,292.923076923077
289,"ep34","Terrestrial","Plant",0.826086956521739,0.144927536231884,277.75
289,"ep35","Terrestrial","Plant",0.863013698630137,0.0547945205479452,464.153846153846
289,"ep37","Terrestrial","Plant",0.970588235294118,0,421.25
289,"ep38","Terrestrial","Plant",0.850746268656716,0.0895522388059701,360.538461538462
289,"ep4","Terrestrial","Plant",0.848101265822785,0.10126582278481,480.214285714286
289,"ep40","Terrestrial","Plant",0.807017543859649,0.157894736842105,473
289,"ep41","Terrestrial","Plant",0.711864406779661,0.169491525423729,351.846153846154
289,"ep42","Terrestrial","Plant",0.61038961038961,0.272727272727273,221.25
289,"ep43","Terrestrial","Plant",0.919354838709677,0.0483870967741935,368.333333333333
289,"ep44","Terrestrial","Plant",0.885245901639344,0.0491803278688525,425.1
289,"ep9","Terrestrial","Plant",0.86734693877551,0.102040816326531,443.6
291,"1","Terrestrial","Plant",0.442307692307692,0.384615384615385,13281
294,"AL","Freshwater","Fish",0.34375,0.46875,1077.06666666667
294,"BM","Freshwater","Fish",0.476190476190476,0.428571428571429,610
294,"CR","Freshwater","Fish",0.0833333333333333,0.666666666666667,719.2
294,"FI","Freshwater","Fish",0.35,0.5,539
294,"ME","Freshwater","Fish",0.225806451612903,0.612903225806452,1143.07142857143
294,"MO","Freshwater","Fish",0.307692307692308,0.5,1462
294,"SP","Freshwater","Fish",0.263157894736842,0.526315789473684,754.2
294,"TR","Freshwater","Fish",0.34375,0.53125,471.8
294,"WI","Freshwater","Fish",0.409090909090909,0.545454545454545,5669.91666666667
295,"AL","Freshwater","Fish",0.241379310344828,0.655172413793103,1082.56666666667
295,"BM","Freshwater","Fish",0.36,0.56,1773.39285714286
295,"CR","Freshwater","Fish",0.210526315789474,0.684210526315789,736.366666666667
295,"FI","Freshwater","Fish",0.157894736842105,0.526315789473684,72.8235294117647
295,"ME","Freshwater","Fish",0.151515151515152,0.696969696969697,301.882352941176
295,"MO","Freshwater","Fish",0.166666666666667,0.733333333333333,359.6
295,"SP","Freshwater","Fish",0.222222222222222,0.611111111111111,342.866666666667
295,"TR","Freshwater","Fish",0.258064516129032,0.580645161290323,1693.16666666667
295,"WI","Freshwater","Fish",0.142857142857143,0.619047619047619,1507.75
296,"AL","Freshwater","Fish",0.466666666666667,0.466666666666667,371.777777777778
296,"BM","Freshwater","Fish",0.296296296296296,0.592592592592593,307
296,"FI","Freshwater","Fish",0.478260869565217,0.434782608695652,652.6875
296,"ME","Freshwater","Fish",0.441176470588235,0.352941176470588,260.9375
296,"MO","Freshwater","Fish",0.382352941176471,0.352941176470588,758
296,"SP","Freshwater","Fish",0.304347826086957,0.652173913043478,379.388888888889
296,"TR","Freshwater","Fish",0.28,0.52,216
296,"WI","Freshwater","Fish",0.461538461538462,0.384615384615385,834
298,"1","Terrestrial","Bird",0.316666666666667,0.483333333333333,160.454545454545
299,"1","Terrestrial","Bird",0.291666666666667,0.479166666666667,102.5
300,"upland","Terrestrial","Bird",0.794117647058823,0.0588235294117647,72.3166666666667
301,"1","Terrestrial","Bird",0.415094339622642,0.264150943396226,185.8
306,"YachtClub","Marine","Invertebrate",0.441176470588235,0.382352941176471,154.25
308,"Adams","Terrestrial","Bird",0.25,0.6875,19.5
308,"Baldpate","Terrestrial","Bird",0.263157894736842,0.473684210526316,39.7777777777778
308,"Bear Head","Terrestrial","Bird",0.5,0.2,31.125
308,"Big Squaw","Terrestrial","Bird",0.153846153846154,0.692307692307692,35.5
308,"Blue Mountain","Terrestrial","Bird",0.379310344827586,0.448275862068966,54.6666666666667
308,"Burke","Terrestrial","Bird",0.153846153846154,0.461538461538462,38.2
308,"Camels","Terrestrial","Bird",0.384615384615385,0.230769230769231,39.75
308,"Castle","Terrestrial","Bird",0.157894736842105,0.736842105263158,18
308,"Cube","Terrestrial","Bird",0.388888888888889,0.444444444444444,40
308,"Dixville","Terrestrial","Bird",0.192307692307692,0.461538461538462,50.2857142857143
308,"East","Terrestrial","Bird",0.423076923076923,0.461538461538462,59.5
308,"Equinox","Terrestrial","Bird",0.227272727272727,0.590909090909091,36.1111111111111
308,"Gillespie Peak","Terrestrial","Bird",0.235294117647059,0.705882352941177,30.1666666666667
308,"Greylock","Terrestrial","Bird",0.24,0.72,24
308,"Hunger","Terrestrial","Bird",0.153846153846154,0.692307692307692,32.8181818181818
308,"Jackson","Terrestrial","Bird",0.2,0.733333333333333,15.1666666666667
308,"Katahdin","Terrestrial","Bird",0.235294117647059,0.764705882352941,25.1666666666667
308,"Mansfield","Terrestrial","Bird",0.277777777777778,0.444444444444444,44
308,"Old Speck","Terrestrial","Bird",0.181818181818182,0.636363636363636,27.5
308,"Pillsbury","Terrestrial","Bird",0.448275862068966,0.413793103448276,61.4285714285714
308,"Plateau","Terrestrial","Bird",0.227272727272727,0.409090909090909,44.2
308,"Ranch Brook","Terrestrial","Bird",0.238095238095238,0.428571428571429,48.8888888888889
308,"Santanoni","Terrestrial","Bird",0.206896551724138,0.689655172413793,37.7777777777778
308,"Shrewsbury","Terrestrial","Bird",0.357142857142857,0.428571428571429,25.1666666666667
308,"Snow","Terrestrial","Bird",0.36,0.44,69.2222222222222
308,"Stark","Terrestrial","Bird",0.137931034482759,0.620689655172414,29.1
308,"Stratton","Terrestrial","Bird",0.25,0.55,32.6
308,"Surplus","Terrestrial","Bird",0.16,0.32,38.1428571428571
308,"Tecumseh","Terrestrial","Bird",0.3,0.6,32.2222222222222
308,"Tillotson","Terrestrial","Bird",0.235294117647059,0.764705882352941,25.5
308,"Twin NY","Terrestrial","Bird",0.375,0.5,36.8888888888889
308,"Vanderwhacker","Terrestrial","Bird",0.142857142857143,0.785714285714286,10.6666666666667
308,"Westmore","Terrestrial","Bird",0.125,0.5625,41.3636363636364
308,"Wolf","Terrestrial","Bird",0.208333333333333,0.458333333333333,41.5714285714286
308,"Wright","Terrestrial","Bird",0.192307692307692,0.730769230769231,34.4285714285714
313,"Jornada_BASN","Terrestrial","Invertebrate",0.116279069767442,0.790697674418605,29.1666666666667
313,"Jornada_CALI","Terrestrial","Invertebrate",0.0408163265306122,0.897959183673469,24.3333333333333
313,"Jornada_EAST","Terrestrial","Invertebrate",0.0350877192982456,0.912280701754386,32.5
313,"Jornada_GRAV","Terrestrial","Invertebrate",0.117647058823529,0.843137254901961,40
313,"Jornada_IBPE","Terrestrial","Invertebrate",0.121212121212121,0.818181818181818,35.5
313,"Jornada_SAND","Terrestrial","Invertebrate",0.105263157894737,0.815789473684211,20.3333333333333
313,"Jornada_SUMM","Terrestrial","Invertebrate",0.0921052631578947,0.842105263157895,83.5
313,"Jornada_TAYL","Terrestrial","Invertebrate",0.024390243902439,0.878048780487805,25.6666666666667
313,"Jornada_WELL","Terrestrial","Invertebrate",0.08,0.76,17.5
313,"Jornada_WEST","Terrestrial","Invertebrate",0.0172413793103448,0.827586206896552,27
314,"OneidaLake_Buoy 109","Freshwater","Plankton",0.535714285714286,0.357142857142857,1116722.91666667
314,"OneidaLake_Buoy 117","Freshwater","Plankton",0.461538461538462,0.423076923076923,1060193.06666667
314,"OneidaLake_Buoy 125","Freshwater","Plankton",0.481481481481481,0.444444444444444,986899.655172414
314,"OneidaLake_Shackelton Point","Freshwater","Plankton",0.413793103448276,0.413793103448276,888327.648648649
314,"OneidaLake_Three Mile Bay","Freshwater","Plankton",0.481481481481481,0.296296296296296,1240634
315,"Ballard.Down,.Swanage","Terrestrial","Invertebrate",1,0,4456
315,"Bevills.Wood,.Monks.Wood.Nature.Reserve","Terrestrial","Invertebrate",0.952380952380952,0,1060
315,"Brockwells.Farm","Terrestrial","Invertebrate",0.666666666666667,0.0476190476190476,728.2
315,"Bure.Marshes.National.Nature.Reserve","Terrestrial","Invertebrate",1,0,304
315,"Buttlers.Hanging","Terrestrial","Invertebrate",0.916666666666667,0.0416666666666667,2593.1
315,"Castor.Hanglands.National.Nature.Reserve","Terrestrial","Invertebrate",0.933333333333333,0,1645.3
315,"Chippenham.Fen.National.Nature.Reserve","Terrestrial","Invertebrate",0.875,0.125,286.777777777778
315,"Dyfi.National.Nature.Reserve","Terrestrial","Invertebrate",0.923076923076923,0,1314.5
315,"Ebbor.Gorge.National.Nature.Reserve","Terrestrial","Invertebrate",1,0,801.7
315,"Foxholes","Terrestrial","Invertebrate",1,0,906.6
315,"Gibraltar.Point.National.Nature.Reserve","Terrestrial","Invertebrate",1,0,1849.33333333333
315,"Gomm.Valley","Terrestrial","Invertebrate",1,0,1812.11111111111
315,"Ham.Street.Wood.National.Nature.Reserve","Terrestrial","Invertebrate",1,0,162.222222222222
315,"Holme.Fen.National.Nature.Reserve","Terrestrial","Invertebrate",0.894736842105263,0,2347.4
315,"Kingley.Vale.National.Nature.Reserve","Terrestrial","Invertebrate",0.928571428571429,0,5478.6
315,"Leigh.Marshes.National.Nature.Reserve","Terrestrial","Invertebrate",0.944444444444444,0,2361.88888888889
315,"Leighton.Moss.RSPB","Terrestrial","Invertebrate",1,0,2186.22222222222
315,"Lindisfarne.National.Nature.Reserve","Terrestrial","Invertebrate",1,0,387.111111111111
315,"Loch.Garten.RSPB,.Abernethy.forest","Terrestrial","Invertebrate",1,0,155.222222222222
315,"Monks.Wood.National.Nature.Reserve","Terrestrial","Invertebrate",0.91304347826087,0,2082.4
315,"Nagshead.RSPB,.Forest.of.Dean","Terrestrial","Invertebrate",0.823529411764706,0.0588235294117647,547.222222222222
315,"Old.Winchester.Hill.National.Nature.Reserve","Terrestrial","Invertebrate",0.962962962962963,0,4385.8
315,"Oxwich.National.Nature.Reserve","Terrestrial","Invertebrate",0.916666666666667,0,1989.2
315,"Potton.Wood","Terrestrial","Invertebrate",0.857142857142857,0,1586.6
315,"Radipole.Lake.RSPB","Terrestrial","Invertebrate",0.933333333333333,0,1121.11111111111
315,"Rostherne.Mere.National.Nature.Reserve","Terrestrial","Invertebrate",0.857142857142857,0.142857142857143,844.7
315,"Saltfleetby.National.Nature.Reserve","Terrestrial","Invertebrate",1,0,3058.44444444444
315,"Skomer.Island","Terrestrial","Invertebrate",1,0,1002.22222222222
315,"Studland.Heath.National.Nature.Reserve","Terrestrial","Invertebrate",0.909090909090909,0,906.8
315,"Walberswick.National.Nature.Reserve","Terrestrial","Invertebrate",0.933333333333333,0,999.9
315,"Waterperry.Wood.FNR","Terrestrial","Invertebrate",0.954545454545455,0,1233.1
315,"Woodhurst","Terrestrial","Invertebrate",0.8,0,597.3
315,"Woodwalton.Fen.National.Nature.Reserve","Terrestrial","Invertebrate",0.9375,0,813.5
315,"Wye.National.Nature.Reserve","Terrestrial","Invertebrate",0.846153846153846,0.0384615384615385,2644.5
315,"Yarner.Wood.National.Nature.Reserve","Terrestrial","Invertebrate",0.708333333333333,0.0833333333333333,463.5
316,"Jornada","Terrestrial","Mammal",0.8,0.2,895.571428571429
318,"KrugerNP_Central","Terrestrial","Mammal",1,0,77972.0714285714
318,"KrugerNP_South","Terrestrial","Mammal",0.909090909090909,0,44709.7142857143
322,"NORTH_N2OPEN","Terrestrial","Plant",0.25,0.625,148.75
322,"NORTH_N3OPEN","Terrestrial","Plant",0.565217391304348,0.434782608695652,141.666666666667
322,"SOUTH_S1OPEN","Terrestrial","Plant",0.52112676056338,0.338028169014085,277
322,"SOUTH_S2OPEN","Terrestrial","Plant",0.444444444444444,0.416666666666667,219.333333333333
322,"SOUTH_S3OPEN","Terrestrial","Plant",0.477611940298507,0.373134328358209,225.833333333333
323,"Antietam Creek","Freshwater","Fish",0.473684210526316,0.526315789473684,1376.33333333333
323,"Atkisson Reservoir","Freshwater","Fish",0.130434782608696,0.565217391304348,961.666666666667
323,"Breton Bay","Freshwater","Fish",0.529411764705882,0.470588235294118,357.666666666667
323,"Casselman River","Freshwater","Fish",0.206896551724138,0.482758620689655,755.777777777778
323,"Corsica River","Freshwater","Fish",0.555555555555556,0.333333333333333,643.555555555556
323,"Deer Creek","Freshwater","Fish",0.545454545454545,0.181818181818182,1561.14285714286
323,"Fifteen Mile Creek","Freshwater","Fish",0.344827586206897,0.413793103448276,1391
323,"Furnace Bay","Freshwater","Fish",0.7,0.15,1644.6
323,"Gwynns Falls","Freshwater","Fish",0.576923076923077,0.307692307692308,659
323,"Jones Falls","Freshwater","Fish",0.473684210526316,0.421052631578947,533.75
323,"Liberty Reservoir","Freshwater","Fish",0.230769230769231,0.653846153846154,1114.36363636364
323,"Little Gunpowder Falls","Freshwater","Fish",0.583333333333333,0.291666666666667,1113.16666666667
323,"Little Patuxent River","Freshwater","Fish",0.305555555555556,0.555555555555556,555.714285714286
323,"Little Youghiogheny R","Freshwater","Fish",0.3125,0.5,471.25
323,"Loch Raven Reservoir","Freshwater","Fish",0.296296296296296,0.333333333333333,771.8
323,"Lower Chester River","Freshwater","Fish",0.666666666666667,0.333333333333333,878.666666666667
323,"Lower Monocacy River","Freshwater","Fish",0.263157894736842,0.526315789473684,1496.57142857143
323,"Lower Winters Run","Freshwater","Fish",0.4,0.222222222222222,986.2
323,"Mattawoman Creek","Freshwater","Fish",0.3,0.166666666666667,659.875
323,"Nanjemoy Creek","Freshwater","Fish",0.428571428571429,0.25,231.25
323,"Nassawango Creek","Freshwater","Fish",0.615384615384615,0.230769230769231,735.333333333333
323,"Octoraro Creek","Freshwater","Fish",0.592592592592593,0.259259259259259,1147.25
323,"Patapsco River L N Br","Freshwater","Fish",0.394736842105263,0.315789473684211,939.222222222222
323,"Patuxent River lower","Freshwater","Fish",0.25,0.416666666666667,254
323,"Patuxent River middle","Freshwater","Fish",0.433333333333333,0.433333333333333,356.25
323,"Patuxent River upper","Freshwater","Fish",0.285714285714286,0.314285714285714,645
323,"Piscataway Creek","Freshwater","Fish",0.45,0.425,903.5
323,"Port Tobacco River","Freshwater","Fish",0.6,0,418
323,"Potomac River L N Branch","Freshwater","Fish",0.545454545454545,0.454545454545455,400.666666666667
323,"Potomac River M tidal","Freshwater","Fish",0.416666666666667,0.291666666666667,504
323,"Potomac River U N Branch","Freshwater","Fish",0.222222222222222,0.444444444444444,124.6
323,"Rocky Gorge Dam","Freshwater","Fish",0.380952380952381,0.238095238095238,689.4
323,"S Branch Patapsco","Freshwater","Fish",0.615384615384615,0.269230769230769,2369
323,"Savage River","Freshwater","Fish",0.478260869565217,0.391304347826087,836.933333333333
323,"Sideling Hill Creek","Freshwater","Fish",0.730769230769231,0.269230769230769,847.333333333333
323,"Southeast Creek","Freshwater","Fish",0.666666666666667,0.0952380952380952,539.25
323,"St. Clements Bay","Freshwater","Fish",0.454545454545455,0.181818181818182,363
323,"St. Mary's River","Freshwater","Fish",0.590909090909091,0.181818181818182,365.5
323,"Swan Creek","Freshwater","Fish",0.666666666666667,0.238095238095238,1540.25
323,"Tuckahoe Creek","Freshwater","Fish",0.551724137931034,0.275862068965517,1356
323,"Upper Chester River","Freshwater","Fish",0.607142857142857,0.25,748.75
323,"Upper Choptank","Freshwater","Fish",0.5,0.307692307692308,562.428571428571
323,"Upper Monocacy River","Freshwater","Fish",0.0909090909090909,0.787878787878788,393.533333333333
323,"Western Branch","Freshwater","Fish",0.571428571428571,0.285714285714286,360.75
323,"Wicomico River","Freshwater","Fish",0.722222222222222,0.277777777777778,571.333333333333
323,"Wicomico River Head","Freshwater","Fish",0.733333333333333,0.2,400.75
323,"Youghiogheny River","Freshwater","Fish",0.185185185185185,0.666666666666667,337.1
323,"Zekiah Swamp","Freshwater","Fish",0.333333333333333,0.333333333333333,189.285714285714
324,"Antietam Creek","Freshwater","Invertebrate",0.0253164556962025,0.746835443037975,109.6
324,"Atkisson Reservoir","Freshwater","Invertebrate",0.0945945945945946,0.810810810810811,105.111111111111
324,"Back River","Freshwater","Invertebrate",0.0625,0.84375,69.8333333333333
324,"Breton Bay","Freshwater","Invertebrate",0.0319148936170213,0.702127659574468,110.5
324,"Casselman River","Freshwater","Invertebrate",0.113207547169811,0.745283018867924,108
324,"Catoctin Creek","Freshwater","Invertebrate",0.0602409638554217,0.831325301204819,109.833333333333
324,"Corsica River","Freshwater","Invertebrate",0.0166666666666667,0.9,111.266666666667
324,"Deer Creek","Freshwater","Invertebrate",0.0434782608695652,0.706521739130435,111.5
324,"Fifteen Mile Creek","Freshwater","Invertebrate",0.0795454545454545,0.840909090909091,99.3333333333333
324,"Furnace Bay","Freshwater","Invertebrate",0.0630630630630631,0.837837837837838,112.466666666667
324,"Gwynns Falls","Freshwater","Invertebrate",0.027027027027027,0.891891891891892,54.8571428571429
324,"Jones Falls","Freshwater","Invertebrate",0.0490196078431373,0.754901960784314,107.3125
324,"Liberty Reservoir","Freshwater","Invertebrate",0.0521739130434783,0.791304347826087,107.352941176471
324,"Little Gunpowder Falls","Freshwater","Invertebrate",0.141025641025641,0.756410256410256,104.166666666667
324,"Little Patuxent River","Freshwater","Invertebrate",0.0645161290322581,0.82258064516129,101.666666666667
324,"Little Youghiogheny R","Freshwater","Invertebrate",0.0533333333333333,0.826666666666667,108.166666666667
324,"Loch Raven Reservoir","Freshwater","Invertebrate",0.0784313725490196,0.784313725490196,106.133333333333
324,"Lower Chester River","Freshwater","Invertebrate",0.0421052631578947,0.852631578947368,106.933333333333
324,"Lower Monocacy River","Freshwater","Invertebrate",0.0217391304347826,0.728260869565217,101.375
324,"Lower Winters Run","Freshwater","Invertebrate",0.0617283950617284,0.740740740740741,102.333333333333
324,"Mattawoman Creek","Freshwater","Invertebrate",0.015748031496063,0.929133858267717,107.466666666667
324,"Nanjemoy Creek","Freshwater","Invertebrate",0.0232558139534884,0.868217054263566,103.6
324,"Nassawango Creek","Freshwater","Invertebrate",0.0615384615384615,0.846153846153846,100
324,"Octoraro Creek","Freshwater","Invertebrate",0.0810810810810811,0.77027027027027,121.428571428571
324,"Patapsco River L N Br","Freshwater","Invertebrate",0.0229885057471264,0.747126436781609,104.5
324,"Patuxent River lower","Freshwater","Invertebrate",0.0363636363636364,0.836363636363636,111
324,"Patuxent River middle","Freshwater","Invertebrate",0.149253731343284,0.656716417910448,107.5
324,"Piscataway Creek","Freshwater","Invertebrate",0.05,0.833333333333333,102.833333333333
324,"Port Tobacco River","Freshwater","Invertebrate",0.0442477876106195,0.823008849557522,102.266666666667
324,"Potomac River L N Branch","Freshwater","Invertebrate",0.117021276595745,0.776595744680851,100.2
324,"Potomac River M tidal","Freshwater","Invertebrate",0.0208333333333333,0.78125,109.428571428571
324,"Potomac River U N Branch","Freshwater","Invertebrate",0.0588235294117647,0.867647058823529,72.5
324,"Prettyboy Reservoir","Freshwater","Invertebrate",0.0882352941176471,0.823529411764706,89.8333333333333
324,"Rocky Gorge Dam","Freshwater","Invertebrate",0.0701754385964912,0.815789473684211,109.266666666667
324,"S Branch Patapsco","Freshwater","Invertebrate",0.0697674418604651,0.709302325581395,111.25
324,"Savage River","Freshwater","Invertebrate",0.113636363636364,0.75,94.6666666666667
324,"Sideling Hill Creek","Freshwater","Invertebrate",0.0238095238095238,0.80952380952381,111
324,"Southeast Creek","Freshwater","Invertebrate",0.0606060606060606,0.878787878787879,106
324,"St. Clements Bay","Freshwater","Invertebrate",0.032520325203252,0.829268292682927,107.066666666667
324,"St. Mary's River","Freshwater","Invertebrate",0.0186915887850467,0.766355140186916,111
324,"Swan Creek","Freshwater","Invertebrate",0.0294117647058824,0.852941176470588,113.5
324,"Tuckahoe Creek","Freshwater","Invertebrate",0.0388349514563107,0.893203883495146,105.222222222222
324,"Upper Chester River","Freshwater","Invertebrate",0.010752688172043,0.913978494623656,107.666666666667
324,"Upper Choptank","Freshwater","Invertebrate",0.0338983050847458,0.864406779661017,105.5
324,"Upper Monocacy River","Freshwater","Invertebrate",0.101851851851852,0.805555555555556,99.3333333333333
324,"West Chesapeake Bay","Freshwater","Invertebrate",0.0945945945945946,0.851351351351351,104
324,"Western Branch","Freshwater","Invertebrate",0.078125,0.859375,91.6666666666667
324,"Wicomico River","Freshwater","Invertebrate",0.107142857142857,0.797619047619048,116.5
324,"Wicomico River Head","Freshwater","Invertebrate",0.0957446808510638,0.797872340425532,97.2666666666667
324,"Wills Creek","Freshwater","Invertebrate",0.0754716981132075,0.754716981132076,80.6666666666667
324,"Youghiogheny River","Freshwater","Invertebrate",0.0973451327433628,0.814159292035398,107.4375
324,"Zekiah Swamp","Freshwater","Invertebrate",0.0305343511450382,0.854961832061069,109.8
326,"3","Freshwater","Plankton",0.344827586206897,0.53448275862069,8439.63904285714
326,"9","Freshwater","Plankton",0.339285714285714,0.517857142857143,6268.72932857143
327,"3","Freshwater","Benthos",0.428571428571429,0.428571428571429,4516.31818181818
327,"7","Freshwater","Benthos",0.285714285714286,0.571428571428571,3969.94444444444
327,"9","Freshwater","Benthos",0.6,0.4,3764
327,"12","Freshwater","Benthos",0.375,0.5,4778.27272727273
328,"35.985948_140.361727","Freshwater","Fish",0.511111111111111,0.333333333333333,4736.88888888889
329,"1","Freshwater","Plankton",0.131578947368421,0.763157894736842,465.980116666667
329,"2","Freshwater","Plankton",0.121951219512195,0.75609756097561,378.171683333333
329,"3","Freshwater","Plankton",0.0989010989010989,0.813186813186813,421.403683333333
330,"Gates Canyon","Terrestrial","Invertebrate",0.658227848101266,0.177215189873418,317.9
330,"Lang Crossing","Terrestrial","Invertebrate",0.673076923076923,0.288461538461538,299.833333333333
330,"North Sacramento","Terrestrial","Invertebrate",0.523809523809524,0.365079365079365,223.888888888889
330,"Rancho Cordova","Terrestrial","Invertebrate",0.559322033898305,0.305084745762712,215.135135135135
330,"Sierra Valley","Terrestrial","Invertebrate",0.611111111111111,0.255555555555556,295.833333333333
330,"Suisun Marsh","Terrestrial","Invertebrate",0.492063492063492,0.444444444444444,231.135135135135
330,"Washington","Terrestrial","Invertebrate",0.557692307692308,0.288461538461538,258.25
330,"West Sacramento","Terrestrial","Invertebrate",0.538461538461538,0.326923076923077,225.185185185185
