SubsetSppID,AOU,CommonName,Route Expected,MeanN,logN,MeanLogN,AbundClass,Mass(g),logMass,66-04Trend,TrConf,NumRoutes2002,Brange_Area_km2,log_Brange_Area,Mean_Rel_Im,new_Im,Num_routes,migclass,migclass1,BiomeH,BiomeH_noMex,NumBiomes,OMI,Tol,1yr Prop,5yr Prop,10yr Prop,Foraging,Trophic Group,,,
1,2881,Gray Partridge,168,2.133024691,0.328995883,0.254741618,Low,398,2.599883072,0.1,Y,55,2759873.633,6.440889197,0.25361,0.25028,45,resid,resid,1.603420969,1.603420969,15,3.620746627,0.416770198,0.119,0.244,0.304,ground glean,granivore,,0.74639,0.74972
2,2882,Chukar,52,3.465708479,0.539792029,0.278596548,Low,619,2.791690649,0.4,R,28,970397.7406,5.986949777,0.30156,0.25264,22,resid,resid,1.944955946,1.944955946,16,9.791359851,0.908859864,0.058,0.173,0.212,ground glean,granivore,,0.69844,0.74736
3,2890,Northern Bobwhite,406,14.88358498,1.172707551,0.841676115,High,178,2.250420002,-3,Y,828,4555640.398,6.658549435,0.4908,0.47241,676,resid,resid,2.214514333,1.850280247,22,2.886976375,0.702806355,0.648,0.791,0.869,ground glean,herbivore,,0.5092,0.52759
4,2920,Mountain Quail,36,6.662907762,0.823663801,0.589844262,Med,233,2.367355921,0.8,Y,54,345649.6889,5.53863617,0.46257,0.46172,44,resid,resid,2.323288573,2.323288573,16,8.127888497,0.544837506,0.25,0.444,0.444,ground glean,granivore,,0.53743,0.53828
5,2930,Scaled Quail,31,7.64021879,0.883105795,0.614480339,Med,191,2.281033367,-1.2,B,73,1415876.881,6.15102549,0.45806,0.44998,64,resid,resid,1.997942824,1.945435406,21,9.488421192,0.289682163,0.677,0.806,0.839,ground glean,granivore,,0.54194,0.55002
6,2940,California Quail,86,10.27866603,1.011936755,0.629985016,High,176,2.245512668,1.2,B,163,1269589.876,6.10366345,0.49305,0.47175,127,resid,resid,2.587958656,2.541334047,21,3.286222762,0.596121595,0.5,0.64,0.721,ground glean,granivore,,0.50695,0.52825
7,2950,Gambel's Quail,25,23.66203563,1.374052104,0.989622615,High,170,2.230448921,-0.1,B,54,544155.5444,5.735723059,0.47947,0.43802,48,resid,resid,2.196819172,2.041258803,16,12.21831011,0.429845498,0.8,0.84,0.84,ground glean,granivore,,0.52053,0.56198
9,2970,Blue Grouse,85,2.140771637,0.330570342,0.143282813,Low,1188,3.074816441,-2.5,Y,44,2095889.555,6.321368393,0.50549,0.49351,16,resid,resid,2.421486754,2.421486754,21,7.879538616,1.197330758,0.059,0.129,0.247,ground glean,herbivore,,0.49451,0.50649
10,2980,Spruce Grouse,107,1.257575758,0.099534157,0.0180618,Low,466.75,2.669084327,,,4,7552345.148,6.878081829,0.01471,0.11268,1,resid,resid,1.514806905,1.514806905,20,4.65444245,0.532865024,0.009,0.019,0.065,ground glean,herbivore,,0.98529,0.88732
11,3000,Ruffed Grouse,375,1.808183643,0.257242536,0.146772591,Low,621,2.7930916,-2.4,Y,136,7998834.402,6.903026706,0.50719,0.51423,42,resid,resid,1.903814791,1.903814791,25,2.395579591,0.501710523,0.077,0.229,0.403,ground glean,omnivore,,0.49281,0.48577
12,3010,Willow Ptarmigan,33,6.587576313,0.818725659,0.35794756,Med,601,2.778874472,,,9,6413898.829,6.807122105,0.34183,0.38075,6,resid,resid,1.711222439,1.711222439,13,10.46468179,0.281504651,0.061,0.152,0.182,ground glean,herbivore,,0.65817,0.61925
13,3020,Rock Ptarmigan,20,3.341666667,0.523963127,0.138566224,Low,422,2.625312451,,,1,4605717.817,6.663297326,,0,,short,migrant,1.562906537,1.562906537,13,15.53181879,0.783891053,0,0,0,ground glean,herbivore,,1,1
14,3040,White-tailed Ptarmigan,40,,,,,344.5,2.537189226,,,,1628437.13,6.211770996,,,,resid,resid,2.055968264,2.055968264,18,,,0,0,0,ground glean,herbivore,,1,1
15,3050,Greater Prairie-Chicken,19,7.266713352,0.861338029,0.532548699,Low,892,2.950364854,-6.1,Y,17,414947.1353,5.617992771,0.17311,0.19817,11,resid,resid,0.284174807,0.284174807,3,1.527539696,0.112068416,0.105,0.158,0.263,ground glean,granivore,,0.82689,0.80183
16,3070,Lesser Prairie-Chicken,12,3.211111111,0.506655333,0.39877072,Low,756.25,2.878665388,,,3,82032.33613,4.91398508,0.02174,0.10974,1,resid,resid,0.462420047,0.462420047,3,4.560564869,0.13402763,0.083,0.083,0.167,ground glean,insectivore,,0.97826,0.89026
17,3080,Sharp-tailed Grouse,135,2.733097643,0.436655148,0.287167052,Low,953,2.979092901,-0.7,Y,50,6054169.826,6.782054599,0.34835,0.26268,25,resid,resid,1.656673944,1.656673944,20,4.550534332,0.240486577,0.03,0.156,0.2,ground glean,herbivore,,0.65165,0.73732
18,3090,Sage Grouse,86,5.248550725,0.720039399,0.417450369,Med,3190,3.503790683,1,Y,17,1407624.226,6.148486733,0.15441,0.26828,8,resid,resid,1.854890839,1.854890839,13,9.10944503,0.616075687,0.012,0.116,0.198,ground glean,herbivore,,0.84559,0.73172
19,3091,Ring-necked Pheasant,383,10.79875181,1.03337356,0.592548193,High,1317,3.119585775,-0.9,B,588,4490726.911,6.652316646,0.42591,0.41841,443,resid,resid,1.916018795,1.912985224,23,0.974897295,0.639370212,0.452,0.629,0.679,ground glean,omnivore,,0.57409,0.58159
20,3100,Wild Turkey,419,2.532703769,0.403584397,0.248912738,Low,7400,3.86923172,13.6,Y,532,3999691.455,6.60202649,0.28022,0.27198,292,resid,resid,2.069788291,2.013992166,34,0.4952501,1.657639185,0.305,0.625,0.699,ground glean,omnivore,,0.71978,0.72802
22,3120,Band-tailed Pigeon,103,5.4116036,0.733325977,0.478096518,Med,365.25,2.562590225,-2,B,83,3312530.759,6.52015992,0.36326,0.37216,58,neotrop,migrant,3.316608991,2.923856238,29,5.645513474,0.841919416,0.204,0.437,0.485,foliage glean,granivore,,0.63674,0.62784
24,3131,Rock Dove,799,10.94572001,1.039244335,0.70909603,High,369,2.567026366,-0.4,Y,1050,12682549.16,7.103206554,0.18728,0.18304,940,resid,resid,3.099669502,2.701015175,40,0.32761319,0.974153451,0.479,0.688,0.771,ground glean,granivore,,0.81272,0.81696
25,3160,Mourning Dove,802,29.18252171,1.465122817,1.233333738,High,123,2.089905111,-0.4,Y,2301,11119866.04,7.046099555,0.58965,0.58044,2080,short,migrant,2.768613903,2.577663428,38,0.684421295,1.491715815,0.938,0.969,0.976,ground glean,granivore,,0.41035,0.41956
27,3190,White-winged Dove,29,20.22272487,1.305839673,0.615546265,High,153,2.184691431,1.4,B,89,1246992.78,6.095863939,0.37397,0.3572,77,short,migrant,2.581975298,2.295834403,26,14.17889902,0.977561372,0.586,0.69,0.724,ground glean,granivore,,0.62603,0.6428
28,3200,Common Ground-Dove,73,4.870084302,0.687536479,0.456128659,Med,30,1.477121255,-1.1,Y,129,5828511.013,6.765557621,0.41177,0.44723,77,resid,resid,3.357570974,2.390807474,26,9.453513421,0.197888061,0.548,0.726,0.753,ground glean,granivore,,0.58823,0.55277
29,3210,Inca Dove,38,3.792933674,0.578975248,0.339819609,Low,48,1.681241237,2.8,Y,62,2933386.819,6.467369336,0.28208,0.34579,46,resid,resid,3.094427519,2.409340977,27,7.522516129,0.253162027,0.316,0.553,0.605,ground glean,granivore,,0.71792,0.65421
32,3850,Greater Roadrunner,79,1.930344701,0.285634868,0.158461089,Low,376,2.575187845,0.8,Y,99,2932531.915,6.467242747,0.67094,0.60233,49,resid,resid,2.747695381,2.641559632,31,6.085618212,0.879396299,0.405,0.582,0.684,ground glean,insectivore,,0.32906,0.39767
34,3870,Yellow-billed Cuckoo,526,4.89375893,0.689642572,0.485887634,Med,64,1.806179974,-1.7,Y,869,5271675.617,6.721948679,0.58417,0.58294,703,neotrop,migrant,2.081148427,1.81948979,27,3.178531019,0.851683359,0.546,0.768,0.838,foliage glean,insectivore,,0.41583,0.41706
35,3880,Black-billed Cuckoo,505,1.873488029,0.272650923,0.160241985,Low,51,1.707570176,-1.5,Y,204,4935972.17,6.693372702,0.53562,0.50481,83,neotrop,migrant,1.158132567,1.158132567,13,1.518615149,0.490991142,0.156,0.394,0.539,foliage glean,insectivore,,0.46438,0.49519
37,3930,Hairy Woodpecker,776,1.694036367,0.228922729,0.148251049,Low,66.25,1.821185883,4.4,Y,771,13263247.05,7.122649859,0.49957,0.51088,335,resid,resid,2.565036793,2.464467262,42,0.358554765,0.919225508,0.314,0.625,0.714,bark glean,insectivore,,0.50043,0.48912
38,3940,Downy Woodpecker,801,2.649490545,0.423162374,0.300969142,Low,27,1.431363764,0,B,1298,12767509.4,7.106106186,0.56447,0.57142,795,resid,resid,2.397039525,2.397039525,41,1.186920258,1.503556922,0.588,0.788,0.841,bark glean,insectivore,,0.43553,0.42858
39,3950,Red-cockaded Woodpecker,91,2.08452381,0.31900686,0.189248095,Low,44,1.643452676,-1.5,Y,12,533464.6926,5.727105681,0.14502,0.24643,4,resid,resid,0.869960256,0.869960256,6,9.507999293,0.172206004,0.022,0.033,0.044,bark glean,insectivore,,0.85498,0.75357
40,3960,Ladder-backed Woodpecker,42,2.534492618,0.403891031,0.277458814,Low,30,1.477121255,-1.2,Y,108,2820649.277,6.450349089,0.58688,0.56548,67,resid,resid,2.963120459,2.337639526,29,7.53688505,0.473025534,0.643,0.857,0.881,bark glean,insectivore,,0.41312,0.43452
41,3970,Nuttall's Woodpecker,13,4.979115792,0.697152226,0.524824786,Med,38,1.579783597,0.4,B,37,183760.6632,5.26425255,0.56314,0.5596,29,resid,resid,1.887373028,1.887373028,13,5.078312968,0.170649942,0.692,0.769,0.769,bark glean,insectivore,,0.43686,0.4404
43,3990,White-headed Woodpecker,48,2.063803855,0.314668419,0.195288488,Low,61.25,1.787106093,2,Y,33,498873.2932,5.697990255,0.70877,0.50724,15,resid,resid,2.265222856,2.265222856,16,7.494403022,0.894721724,0.104,0.167,0.229,bark glean,insectivore,,0.29123,0.49276
44,4000,Black-backed Woodpecker,194,1.397993827,0.145505254,0.07237655,Low,69.5,1.841984805,0.7,R,20,6743238.404,6.828868514,0.19541,0.27307,8,resid,resid,1.791964324,1.791964324,25,2.115381791,0.355675101,0.026,0.072,0.082,bark glean,insectivore,,0.80459,0.72693
45,4010,Three-toed Woodpecker,131,1.492487286,0.17391064,0.094320827,Low,65.75,1.817895757,20.9,R,24,7861855.648,6.895525065,0.38165,0.40105,19,resid,resid,1.754780754,1.754780754,25,7.21570151,0.885092326,0.053,0.107,0.183,bark glean,insectivore,,0.61835,0.59895
46,4020,Yellow-bellied Sapsucker,207,3.563876593,0.551922657,0.338560039,Low,50,1.698970004,0.5,Y,292,4455324.845,6.648879375,0.52647,0.52656,271,short,migrant,1.116363471,1.116363471,9,2.704199742,0.126316345,0.502,0.715,0.758,bark glean,insectivore,,0.47353,0.47344
47,4021,Red-naped Sapsucker,99,2.434665239,0.386439255,0.250708912,Low,46,1.662757832,0.8,Y,141,2072181.548,6.316427802,0.57344,0.58964,87,short,migrant,2.113086621,2.113086621,19,7.244018639,0.867756653,0.293,0.394,0.465,bark glean,insectivore,,0.42656,0.41036
48,4030,Red-breasted Sapsucker,53,3.22526048,0.508564795,0.295659931,Med,49,1.69019608,-1.3,Y,83,996842.3843,5.998626495,0.50647,0.53521,58,short,migrant,2.507873937,2.507873937,21,6.892149875,1.743808508,0.415,0.509,0.679,bark glean,insectivore,,0.49353,0.46479
49,4040,Williamson's Sapsucker,41,1.95125831,0.290314766,0.200045079,Low,48,1.681241237,0.4,Y,34,648404.0102,5.811845692,0.46754,0.4938,28,short,migrant,2.137511085,2.137511085,18,8.332553558,0.536981654,0.073,0.22,0.244,bark glean,insectivore,,0.53246,0.5062
50,4050,Pileated Woodpecker,532,2.22259514,0.34686036,0.239192278,Low,287.5,2.458637849,1.8,Y,870,5913479.221,6.771843075,0.53797,0.53039,463,resid,resid,1.895900425,1.895900425,26,1.617632656,1.498109736,0.556,0.812,0.874,bark glean,insectivore,,0.46203,0.46961
51,4060,Red-headed Woodpecker,534,2.417774244,0.383415747,0.254770559,Low,72,1.857332496,-2.7,Y,497,5190665.704,6.71522306,0.40738,0.42544,273,short,migrant,1.533307236,1.533307236,19,1.64917007,0.829656281,0.328,0.554,0.635,bark glean,omnivore,,0.59262,0.57456
52,4070,Acorn Woodpecker,29,18.40250421,1.264876926,0.817535782,High,83,1.919078092,0.8,B,79,1467927.015,6.166704463,0.49711,0.47065,56,resid,resid,3.359245326,2.643067205,27,5.666919753,0.292748223,0.483,0.552,0.552,bark glean,omnivore,,0.50289,0.52935
53,4080,Lewis's Woodpecker,130,2.048865678,0.311513487,0.150969127,Low,116,2.064457989,-1.5,Y,23,2072674.083,6.316531017,0.17048,0.17965,7,short,migrant,2.393822329,2.393822329,25,5.541244932,0.76415724,0.046,0.138,0.2,hawks,insectivore,,0.82952,0.82035
54,4090,Red-bellied Woodpecker,404,7.951178219,0.900431488,0.713607856,Med,67,1.826074803,0.7,B,1067,2988465.042,6.47544818,0.57229,0.57408,897,resid,resid,1.287668414,1.287668414,11,4.067896708,1.085595992,0.901,0.96,0.968,bark glean,insectivore,,0.42771,0.42592
55,4100,Golden-fronted Woodpecker,10,8.108376363,0.908933899,0.5858432,Med,81.5,1.911157609,-1.1,B,43,1396952.101,6.145181515,0.59302,0.5848,38,resid,resid,2.847843021,1.922978609,13,9.783140474,0.205272787,0.7,0.7,0.7,bark glean,insectivore,,0.40698,0.4152
56,4110,Gila Woodpecker,12,14.81201637,1.170614183,0.739744854,High,65.25,1.814580516,-1.5,B,19,565715.4906,5.752598071,0.45141,0.39143,15,resid,resid,1.780718326,1.212832643,15,12.8886064,0.30779161,0.667,0.75,0.833,bark glean,omnivore,,0.54859,0.60857
57,4120,Northern Flicker,800,3.400093648,0.531490879,0.387340327,Low,132.17,2.12113289,-2,Y,1225,14922329.91,7.173836637,0.54349,0.5592,783,resid,resid,2.540878333,2.417382871,43,0.167068911,1.845641156,0.706,0.913,0.939,ground glean,insectivore,,0.45651,0.4408
59,4220,Black Swift,40,5.224545455,0.718048512,0.4891355,Low,46,1.662757832,-7,Y,6,1275406.253,6.105648542,0.09526,0.13802,6,neotrop,migrant,3.252691153,2.45431365,23,7.951771324,0.798051067,0.025,0.15,0.3,aerial foraging,insectivore,,0.90474,0.86198
60,4230,Chimney Swift,578,8.994389871,0.953971709,0.715075059,Med,24,1.380211242,-1.6,B,1087,5834548.743,6.766007272,0.29981,0.28195,891,neotrop,migrant,1.514315065,1.514315065,17,2.398865991,0.983107587,0.723,0.869,0.901,aerial foraging,insectivore,,0.70019,0.71805
61,4240,Vaux's Swift,82,3.329913558,0.52243296,0.395288282,Low,17,1.230448921,2.2,Y,36,2221973.354,6.346738847,0.25157,0.25222,32,neotrop,migrant,3.186812187,2.364573727,25,5.462253569,1.228910191,0.122,0.341,0.415,aerial foraging,insectivore,,0.74843,0.74778
62,4250,White-throated Swift,145,6.657590776,0.823317097,0.467010958,Med,32,1.505149978,-1.7,Y,83,3400703.212,6.531568732,0.21344,0.2443,49,neotrop,migrant,3.059086792,2.672351553,29,6.658332956,1.041328137,0.131,0.214,0.29,aerial foraging,insectivore,,0.78656,0.7557
65,4280,Ruby-throated Hummingbird,561,1.573553055,0.19688139,0.139480062,Low,3.5,0.544068044,2.4,Y,574,4930336.576,6.692876568,0.50271,0.53634,263,neotrop,migrant,1.365687611,1.365687611,15,1.548242336,0.511032705,0.353,0.697,0.784,hover/glean,nectarivore,,0.49729,0.46366
66,4290,Black-chinned Hummingbird,112,1.888677812,0.276157878,0.190699075,Low,3.5,0.544068044,1.2,Y,78,2368298.302,6.374436404,0.58887,0.54734,33,neotrop,migrant,2.755270205,2.755270205,31,4.693542545,1.162245665,0.196,0.348,0.384,hover/glean,nectarivore,,0.41113,0.45266
68,4310,Anna's Hummingbird,42,2.94155209,0.468576543,0.259076272,Low,4.25,0.62838893,1.5,Y,66,492870.406,5.692732742,0.51049,0.52362,37,resid,resid,2.476024191,2.476024191,22,5.360472648,0.402562632,0.19,0.405,0.548,hover/glean,nectarivore,,0.48951,0.47638
69,4320,Broad-tailed Hummingbird,26,6.68935097,0.825383983,0.510813942,Med,4,0.602059991,-0.6,B,119,696133.3198,5.842692421,0.59843,0.59038,82,neotrop,migrant,2.910825318,2.504271814,20,13.97683455,0.702572913,0.423,0.615,0.692,hover/glean,nectarivore,,0.40157,0.40962
70,4330,Rufous Hummingbird,81,2.858894362,0.456198108,0.265941065,Low,4,0.602059991,-2.3,B,93,1521468.459,6.182262953,0.54157,0.55098,75,neotrop,migrant,2.259237611,2.259237611,16,6.68509845,1.419376303,0.346,0.519,0.63,hover/glean,nectarivore,,0.45843,0.44902
72,4360,Calliope Hummingbird,82,1.646692112,0.216612405,0.107376977,Low,2.75,0.439332694,0.6,Y,40,1200652.885,6.079417469,0.52575,0.48826,22,neotrop,migrant,2.141763029,2.141763029,20,5.348712212,0.515851638,0.159,0.244,0.341,hover/glean,nectarivore,,0.47425,0.51174
78,4430,Scissor-tailed Flycatcher,59,16.06452577,1.20586791,0.840021359,High,43,1.633468456,-0.3,Y,192,1446335.405,6.160269017,0.57605,0.54631,187,neotrop,migrant,1.923619888,1.923619888,16,5.660724618,0.407786415,0.576,0.746,0.797,hawks,insectivore,,0.42395,0.45369
79,4440,Eastern Kingbird,687,5.120066566,0.709275607,0.505392872,Med,44,1.643452676,-0.9,B,1399,9104097.949,6.959236922,0.51549,0.5086,1073,neotrop,migrant,1.973704049,1.973704049,26,0.598506378,0.650771716,0.712,0.862,0.904,hawks,insectivore,,0.48451,0.4914
80,4450,Gray Kingbird,24,5.355952381,0.728836707,0.352231093,Low,44,1.643452676,,,5,577234.2018,5.761352056,0.52872,0.44381,4,neotrop,migrant,1.792636841,0.735779298,5,17.5206967,0.489194947,0.042,0.042,0.083,hawks,insectivore,,0.47128,0.55619
84,4470,Western Kingbird,233,9.774968009,0.990115345,0.622147841,High,40,1.602059991,0.5,B,591,5061400.383,6.704270694,0.51125,0.49594,507,neotrop,migrant,2.479386109,2.442554149,34,3.061968561,1.185542459,0.588,0.712,0.773,hawks,insectivore,,0.48875,0.50406
85,4480,Cassin's Kingbird,21,6.04279499,0.78123786,0.502026894,Med,46,1.662757832,-0.1,B,72,1446281.142,6.160252724,0.46018,0.45769,62,neotrop,migrant,2.617331994,2.247050155,26,8.503639944,0.203620691,0.571,0.619,0.667,hawks,insectivore,,0.53982,0.54231
88,4520,Great Crested Flycatcher,555,5.001592789,0.69910833,0.511674,Med,34,1.531478917,0,B,1182,5131591.762,6.710252099,0.56424,0.56675,875,neotrop,migrant,1.427602576,1.426727887,14,2.521659606,1.647426735,0.8,0.944,0.973,hawks,insectivore,,0.43576,0.43325
89,4530,Brown-crested Flycatcher,16,9.930934066,0.996990099,0.495799,Med,44,1.643452676,4.4,B,31,10404723.26,7.017230534,0.57119,0.55988,26,short,migrant,3.198621979,2.225451432,24,8.463285902,0.240007423,0.5,0.563,0.688,hover/glean,insectivore,,0.42881,0.44012
90,4540,Ash-throated Flycatcher,133,10.15031589,1.006479558,0.66376695,High,27,1.431363764,1,Y,279,3500603.462,6.544142918,0.56115,0.55288,237,neotrop,migrant,2.900489805,2.810696262,31,6.088753297,1.095834464,0.556,0.617,0.669,hover/glean,insectivore,,0.43885,0.44712
92,4560,Eastern Phoebe,516,4.306813328,0.634156048,0.471892273,Med,20,1.301029996,0.9,Y,1155,6231356.703,6.794582612,0.55759,0.54195,817,short,migrant,1.386842264,1.386842264,14,1.111370966,0.245614629,0.814,0.901,0.932,hawks,insectivore,,0.44241,0.45805
93,4570,Say's Phoebe,223,2.472359781,0.39311167,0.250129431,Low,21,1.322219295,1.6,Y,276,7184011.987,6.856367048,0.52942,0.53468,173,short,migrant,2.69253112,2.657511709,35,6.49578619,0.827618262,0.345,0.511,0.583,hawks,insectivore,,0.47058,0.46532
94,4580,Black Phoebe,35,2.804510749,0.447857109,0.271504034,Low,19,1.278753601,2,Y,73,2974843.545,6.47346413,0.5026,0.50088,44,resid,resid,3.129663278,2.350429717,28,4.657765658,0.23356186,0.343,0.514,0.629,hawks,insectivore,,0.4974,0.49912
95,4590,Olive-sided Flycatcher,401,2.73222073,0.436515782,0.288280899,Low,32,1.505149978,-3.5,B,298,9975822.308,6.998948705,0.51731,0.48803,180,neotrop,migrant,2.489842395,2.489842395,33,3.51140411,1.20014417,0.167,0.319,0.397,hawks,insectivore,,0.48269,0.51197
97,4610,Eastern Wood-Pewee,524,4.567775431,0.659704744,0.502833378,Med,14,1.146128036,-1.8,B,1104,4075987.449,6.610232838,0.56607,0.56554,844,neotrop,migrant,1.125181688,1.125181688,13,1.699814236,0.498172414,0.798,0.937,0.968,hawks,insectivore,,0.43393,0.43446
98,4620,Western Wood-Pewee,262,6.385705239,0.805208868,0.491399717,Med,13,1.113943352,-1.2,B,484,6926205.142,6.84049535,0.53636,0.53664,341,neotrop,migrant,2.967731292,2.780800097,35,4.228258161,1.401444226,0.492,0.687,0.752,hawks,insectivore,,0.46364,0.46336
99,4630,Yellow-bellied Flycatcher,138,3.92424141,0.593755716,0.31372123,Med,12,1.079181246,1.7,Y,74,5311773.423,6.725239542,0.49454,0.45514,47,neotrop,migrant,1.009909033,1.009909033,10,3.398708046,0.083550662,0.116,0.203,0.239,hawks,insectivore,,0.50546,0.54486
100,4640,Cordilleran Flycatcher,99,3.81930537,0.581984384,0.364540936,Med,10,1,-0.6,B,83,2349995.629,6.371067055,0.56061,0.55782,58,neotrop,migrant,2.633463637,2.357489571,22,9.011460913,1.120024686,0.182,0.273,0.343,hawks,insectivore,,0.43939,0.44218
101,4641,Pacific-slope Flycatcher,59,10.17031259,1.007334301,0.642453243,High,10,1,-0.6,B,139,863571.5946,5.936298349,0.59892,0.5935,104,neotrop,migrant,2.339231852,2.339231852,20,8.694437869,1.455547151,0.593,0.746,0.814,hawks,insectivore,,0.40108,0.4065
102,4650,Acadian Flycatcher,400,3.583471164,0.554303914,0.343151777,Med,13,1.113943352,-0.1,Y,494,3005323.651,6.477891249,0.47607,0.46999,306,neotrop,migrant,1.339102483,1.339102483,10,2.987637288,0.55361241,0.458,0.6,0.66,hawks,insectivore,,0.52393,0.53001
103,4660,Willow Flycatcher,628,3.116875679,0.49371948,0.289281168,Low,13.25,1.122215878,-0.9,B,519,7290941.9,6.862783637,0.47033,0.46026,312,neotrop,migrant,2.34122474,2.34122474,32,0.62953436,0.953055457,0.325,0.457,0.527,hawks,insectivore,,0.52967,0.53974
104,4661,Alder Flycatcher,285,8.605201684,0.934761054,0.616568369,Med,13,1.113943352,0.2,B,486,7081357.594,6.850116526,0.49895,0.51637,391,neotrop,migrant,1.438980571,1.438980571,14,4.052247138,0.71865062,0.523,0.639,0.674,hawks,insectivore,,0.50105,0.48363
105,4670,Least Flycatcher,331,5.649399715,0.752002304,0.487029617,Med,10,1,-1.2,B,577,6131756.337,6.787584889,0.50393,0.50852,400,neotrop,migrant,1.556788713,1.556788713,18,3.031666396,0.595673133,0.58,0.734,0.77,hover/glean,insectivore,,0.49607,0.49148
106,4680,Hammond's Flycatcher,142,6.054287351,0.78206303,0.474812255,Med,10,1,1,B,204,2753774.814,6.439928424,0.52135,0.49652,153,neotrop,migrant,2.48346861,2.48346861,23,5.964311344,0.749100891,0.338,0.43,0.465,hawks,insectivore,,0.47865,0.50348
107,4690,Dusky Flycatcher,152,6.441605199,0.808994104,0.547467866,Med,10,1,-1.1,Y,236,2675612.281,6.427423181,0.53904,0.52502,167,neotrop,migrant,2.430862402,2.430862402,26,5.944440078,0.695540562,0.355,0.454,0.513,hawks,insectivore,,0.46096,0.47498
108,4691,Gray Flycatcher,61,4.831484594,0.684080599,0.379705188,Med,13,1.113943352,5.2,Y,86,1148249.111,6.060036118,0.46741,0.48913,55,neotrop,migrant,1.958142002,1.958142002,16,7.505603061,0.365554071,0.295,0.377,0.459,hawks,insectivore,,0.53259,0.51087
109,4700,Buff-breasted Flycatcher,10,,,,,8,0.903089987,,,,512383.0496,5.709594754,,,,neotrop,migrant,2.499945594,1.419259213,9,,,0,0,0,hawks,insectivore,,1,1
110,4710,Vermilion Flycatcher,26,2.439441227,0.387290359,0.270198646,Low,14,1.146128036,-2.3,Y,27,7069807.29,6.849407576,0.39533,0.47469,18,neotrop,migrant,3.022258892,2.347193473,27,7.861118785,0.511635961,0.346,0.462,0.462,hawks,insectivore,,0.60467,0.52531
112,4740,Horned Lark,657,29.0627096,1.463336102,0.908387288,High,34.5,1.537819095,-2.2,Y,960,15632904.44,7.194039673,0.48003,0.44997,812,short,migrant,2.742845504,2.712130166,43,3.025976013,1.573628981,0.431,0.53,0.574,ground glean,granivore,,0.51997,0.55003
113,4750,Black-billed Magpie,209,10.46149244,1.019593646,0.690828905,High,177.5,2.249198357,-0.3,Y,444,5286522.251,6.723170064,0.45358,0.43082,358,resid,resid,2.279586785,2.279586785,24,4.558983754,0.623539952,0.555,0.689,0.732,ground glean,omnivore,,0.54642,0.56918
114,4760,Yellow-billed Magpie,12,20.76762867,1.31738691,1.162044784,High,158,2.198657087,0.1,B,23,83425.65286,4.921299614,0.37154,0.32566,21,resid,resid,1.310518384,1.310518384,9,4.534483987,0.059018545,0.583,0.583,0.583,ground glean,omnivore,,0.62846,0.67434
115,4770,Blue Jay,602,11.83519451,1.0731754,0.891514678,High,87,1.939519253,-1.1,B,1552,6654836.335,6.823137379,0.52591,0.52512,1341,short,migrant,1.545175344,1.545175344,17,2.085540126,1.241172409,0.92,0.945,0.96,ground glean,omnivore,,0.47409,0.47488
116,4780,Steller's Jay,150,8.452179464,0.92696871,0.656885741,High,128,2.10720997,0.3,B,293,3101403.32,6.491558247,0.55616,0.52811,216,resid,resid,3.02440714,2.725276254,30,5.782344834,0.801880717,0.473,0.587,0.593,ground glean,omnivore,,0.44384,0.47189
118,4810,Western Scrub-Jay,104,9.820768307,0.992145465,0.626768092,High,96.25,1.983400738,0.6,B,198,2283684.439,6.358636093,0.51615,0.48521,145,resid,resid,2.948942368,2.748990062,30,3.937463498,0.545351455,0.433,0.51,0.548,ground glean,omnivore,,0.48385,0.51479
121,4840,Gray Jay,115,4.128094818,0.615749664,0.406474415,Med,73,1.86332286,-0.1,Y,207,7269013.747,6.86147549,0.37109,0.3247,138,resid,resid,1.567175626,1.567175626,25,5.670291774,1.336927617,0.243,0.426,0.513,ground glean,omnivore,,0.62891,0.6753
122,4860,Common Raven,327,7.251431028,0.860423721,0.552126172,Med,1207.5,3.081887139,2.5,B,988,15137567.04,7.180056079,0.45843,0.44716,850,resid,resid,2.7447385,2.594893843,41,2.177977045,2.060004207,0.673,0.841,0.878,ground glean,omnivore,,0.54157,0.55284
123,4870,Chihuahuan Raven,32,8.927336481,0.950721904,0.693677525,High,524.25,2.719538439,-0.5,Y,55,1378259.975,6.139331144,0.4727,0.43262,47,resid,resid,2.000986634,1.950852451,20,8.290080008,0.241456813,0.469,0.531,0.625,ground glean,omnivore,,0.5273,0.56738
124,4880,American Crow,768,32.17991018,1.507584828,1.288033836,High,458,2.660865478,0.9,B,2022,11434695.29,7.058224596,0.51644,0.50811,1811,short,migrant,2.193705653,2.193705653,35,0.838861605,1.209005306,0.883,0.919,0.936,ground glean,omnivore,,0.48356,0.49189
125,4890,Northwestern Crow,15,25.54170274,1.407249846,1.035848199,High,391.5,2.592731766,0.8,Y,25,395247.112,5.596868705,0.33315,0.32789,29,resid,resid,1.70395759,1.70395759,13,10.61906564,1.410964561,0.4,0.533,0.6,ground glean,omnivore,,0.66685,0.67211
127,4900,Fish Crow,163,6.80633097,0.832913064,0.569676071,Med,274.75,2.438937701,0.8,Y,320,971342.4668,5.987372376,0.38926,0.37198,208,short,migrant,1.202028705,1.202028705,9,6.913345179,0.723117853,0.669,0.828,0.883,ground glean,omnivore,,0.61074,0.62802
128,4910,Clark's Nutcracker,129,4.217602906,0.625065688,0.39855407,Low,135.75,2.132739838,2.5,B,121,2249913.942,6.352165907,0.38636,0.3682,89,resid,resid,2.310593958,2.310593958,25,10.16766858,0.878514789,0.147,0.318,0.372,foliage glean,omnivore,,0.61364,0.6318
129,4920,Pinyon Jay,87,13.58240677,1.132976733,0.764463687,High,103,2.012837225,-4.2,B,91,1598313.981,6.203662099,0.31446,0.30137,85,resid,resid,2.164020144,2.164020144,21,10.4031823,0.269656293,0.253,0.368,0.402,ground glean,omnivore,,0.68554,0.69863
130,4930,European Starling,817,45.21854642,1.655316598,1.218416691,High,85,1.929418926,-1,B,1942,14634616.59,7.165381349,0.34918,0.33865,1762,short,migrant,2.465390072,2.436889383,41,0.403715316,1.11170781,0.831,0.922,0.949,ground glean,insectivore,,0.65082,0.66135
132,4940,Bobolink,351,10.8369701,1.034907875,0.664415946,High,28.75,1.458637849,-1.7,Y,562,3874361.381,6.588200127,0.34604,0.3367,484,neotrop,migrant,1.427438517,1.427438517,20,2.063673173,0.340107043,0.544,0.678,0.727,ground glean,insct/om,,0.65396,0.6633
133,4950,Brown-headed Cowbird,799,12.78552574,1.106718591,0.837255812,High,45,1.653212514,-1.2,Y,2111,11229801.72,7.050372088,0.52131,0.50809,1729,short,migrant,2.61191434,2.588706061,38,0.263418275,0.941716143,0.887,0.969,0.984,ground glean,insectivore,,0.47869,0.49191
134,4960,Bronzed Cowbird,17,6.1353125,0.787836688,0.447005138,High,60,1.77815125,0.1,B,28,2394450.062,6.379205784,0.5106,0.4647,16,short,migrant,3.226444072,2.179234652,19,9.962702996,0.335029307,0.412,0.647,0.765,ground glean,insectivore,,0.4894,0.5353
136,4970,Yellow-headed Blackbird,247,17.76309112,1.249518544,0.675999504,High,64.5,1.809559715,0.9,Y,295,4746512.021,6.676374585,0.27093,0.24865,199,neotrop,migrant,1.944686199,1.944686199,23,3.657978012,0.363683438,0.324,0.457,0.518,ground glean,insectivore,,0.72907,0.75135
137,4980,Red-winged Blackbird,818,56.53293975,1.75230157,1.313067448,High,53,1.72427587,-1,Y,2127,13628331.55,7.13444269,0.44528,0.43762,1893,short,migrant,2.726304984,2.548909102,42,0.536031202,0.687206734,0.891,0.945,0.96,ground glean,insectivore,,0.55472,0.56238
139,5010,Eastern Meadowlark,546,16.0918425,1.206605773,0.874918287,High,102,2.008600172,-2.9,Y,1134,7290312.794,6.862746162,0.47048,0.45585,948,short,migrant,2.386362198,1.851326222,26,1.831046553,0.948144393,0.784,0.881,0.925,ground glean,insct/om,,0.52952,0.54415
140,5011,Western Meadowlark,365,52.58654888,1.72087467,1.156192468,High,112,2.049218023,-0.9,B,850,6709058.273,6.826661564,0.57422,0.56704,737,short,migrant,2.498035648,2.495851404,30,3.151370635,0.755391965,0.614,0.696,0.778,ground glean,insct/om,,0.42578,0.43296
144,5040,Scott's Oriole,48,3.970650585,0.598861671,0.371304253,Med,37,1.568201724,0.8,B,66,2187870.245,6.340021562,0.55373,0.50184,39,neotrop,migrant,2.687931656,2.463686792,28,11.18999153,0.509382493,0.438,0.521,0.563,foliage glean,insct/om,,0.44627,0.49816
145,5050,Hooded Oriole,31,2.408016878,0.381659527,0.213291629,Low,24,1.380211242,2.8,Y,20,1128395.009,6.052461156,0.46085,0.39879,16,neotrop,migrant,2.935211057,2.605108302,28,8.278530596,0.453611615,0.323,0.452,0.516,foliage glean,insct/om,,0.53915,0.60121
146,5060,Orchard Oriole,459,3.811221886,0.581064234,0.392069759,Low,19.5,1.290034611,-0.8,Y,733,4788849.622,6.6802312,0.54487,0.54043,527,neotrop,migrant,1.752073275,1.710663549,18,2.757402658,1.46527319,0.566,0.745,0.813,foliage glean,insct/om,,0.45513,0.45957
147,5070,Baltimore Oriole,494,4.519633725,0.655103241,0.472422976,Med,34.25,1.534660576,-0.7,Y,869,4702121.747,6.67229387,0.55149,0.55744,677,neotrop,migrant,1.095551045,1.095551045,12,1.04363089,0.280286795,0.688,0.838,0.868,foliage glean,insectivore,,0.44851,0.44256
148,5080,Bullock's Oriole,186,4.247118888,0.628094418,0.388637957,Med,34.25,1.534660576,-0.9,B,347,3823592.176,6.582471564,0.5215,0.48318,230,neotrop,migrant,2.65419776,2.652413994,30,2.892948196,0.78915891,0.581,0.737,0.78,foliage glean,insectivore,,0.4785,0.51682
149,5090,Rusty Blackbird,85,2.381135987,0.376784199,0.225315434,Low,63,1.799340549,-10.3,Y,19,7240991.652,6.859798047,0.31401,0.35852,13,short,migrant,1.375988052,1.375988052,14,5.784813761,1.038541327,0.035,0.141,0.235,ground glean,insectivore,,0.68599,0.64148
150,5100,Brewer's Blackbird,284,23.16553697,1.364842371,0.966997747,High,63,1.799340549,-1.3,B,652,5267356.001,6.721592672,0.41409,0.38143,534,short,migrant,2.42753701,2.42753701,23,2.491170288,1.580961709,0.648,0.768,0.824,ground glean,insectivore,,0.58591,0.61857
151,5110,Common Grackle,639,38.9449502,1.590451153,1.209051132,High,127,2.103803721,-1.2,B,1607,8200607.078,6.913846004,0.40125,0.38825,1460,short,migrant,1.696294743,1.696294743,21,1.15736578,0.558102149,0.887,0.942,0.958,ground glean,omnivore,,0.59875,0.61175
152,5120,Great-tailed Grackle,110,18.42896104,1.265500852,0.70384558,High,154.5,2.188928484,2.5,B,149,5011833.902,6.69999667,0.31802,0.28409,128,resid,resid,3.314327373,2.72450867,32,8.703507423,0.843842668,0.291,0.391,0.455,ground glean,omnivore,,0.68198,0.71591
153,5130,Boat-tailed Grackle,35,31.79121105,1.502307072,0.908647639,High,165.5,2.218797998,1.9,B,70,202991.1285,5.307477058,0.35324,0.33392,59,resid,resid,1.164981142,1.164981142,7,11.56569694,0.310012713,0.543,0.743,0.771,ground glean,omnivore,,0.64676,0.66608
154,5140,Evening Grosbeak,219,4.999000482,0.698883179,0.426109079,Med,59.25,1.772688355,-1.4,B,164,3932452.533,6.594663489,0.29843,0.27362,89,short,migrant,2.374528373,2.314011165,28,2.383152525,0.579573101,0.196,0.47,0.575,ground glean,insct/om,,0.70157,0.72638
155,5150,Pine Grosbeak,93,2.287651123,0.359389793,0.258991239,Low,56,1.748188027,1.3,Y,42,7002747.249,6.845268452,0.3948,0.38473,35,short,migrant,1.755590861,1.755590861,24,4.953961862,1.604015665,0.086,0.194,0.237,foliage glean,granivore,,0.6052,0.61527
156,5170,Purple Finch,278,3.120427643,0.494214117,0.315179336,Low,25,1.397940009,-1.5,B,346,4519138.031,6.655055607,0.48971,0.48473,256,short,migrant,1.74614861,1.74614861,25,1.586464137,0.731257847,0.421,0.64,0.719,ground glean,granivore,,0.51029,0.51527
157,5180,Cassin's Finch,96,5.416664412,0.73373193,0.442534563,Low,27,1.431363764,-2.6,B,128,1499599.531,6.175975296,0.38861,0.39467,101,short,migrant,2.034606625,2.034606625,20,7.794820872,0.723654562,0.24,0.5,0.615,ground glean,granivore,,0.61139,0.60533
158,5190,House Finch,637,11.05211928,1.043445563,0.649062291,High,21,1.322219295,1.2,B,1244,7552914.938,6.878114594,0.38796,0.36753,932,short,migrant,2.880706796,2.689398012,36,0.388422576,1.256900321,0.67,0.84,0.887,ground glean,granivore,,0.61204,0.63247
159,5210,Red Crossbill,270,9.825388527,0.992349733,0.651121893,High,39,1.591064607,-1,B,179,6740299.544,6.828679197,0.34833,0.30302,148,short,migrant,2.633334314,2.469568448,32,3.316838001,1.024812837,0.196,0.337,0.4,foliage glean,granivore,,0.65167,0.69698
160,5220,White-winged Crossbill,149,10.92083935,1.038256018,0.612519454,Med,28,1.447158031,0.6,Y,60,8040345.389,6.905274705,0.27833,0.25352,59,short,migrant,1.595162182,1.583071488,22,6.283468676,1.091295027,0.074,0.248,0.315,foliage glean,granivore,,0.72167,0.74648
161,5240,Gray-crowned Rosy-Finch,36,3.833333333,0.583576586,0.698970004,Low,26.33,1.420450859,,,1,2246597.909,6.35152535,,,,short,migrant,1.915446841,1.915446841,20,20.02016641,0,0,0,0,ground glean,granivore,,1,1
165,5280,Common Redpoll,23,18.7724413,1.273520755,0.946652878,High,13,1.113943352,,,58,4978166.139,6.697069386,0.45781,0.46339,45,short,migrant,1.460572363,1.460572363,7,11.99522639,0.450611564,0.696,0.826,0.87,foliage glean,granivore,,0.54219,0.53661
166,5290,American Goldfinch,636,10.92408662,1.038385135,0.801182067,High,13.25,1.122215878,0,Y,1500,7510163.713,6.875649404,0.45045,0.44034,1312,short,migrant,1.851869511,1.851869511,21,0.795686837,0.513581978,0.794,0.884,0.91,foliage glean,granivore,,0.54955,0.55966
167,5300,Lesser Goldfinch,117,6.03397369,0.780603412,0.481761455,High,10,1,-0.7,B,152,3943412.803,6.595872242,0.47921,0.41412,117,short,migrant,3.255434592,2.844247506,31,3.751377921,0.390222781,0.35,0.538,0.632,foliage glean,granivore,,0.52079,0.58588
169,5330,Pine Siskin,274,10.82174877,1.034297447,0.67739004,Med,15,1.176091259,-2.3,B,352,7782690.902,6.891129782,0.40068,0.36477,261,short,migrant,2.501085758,2.425812004,35,4.822802414,1.649073427,0.292,0.504,0.617,foliage glean,granivore,,0.59932,0.63523
173,5380,Chestnut-collared Longspur,24,20.24879149,1.306399108,0.875705102,High,19,1.278753601,-2.7,Y,58,796749.0086,5.901321532,0.33439,0.32469,49,short,migrant,0.201083271,0.201083271,5,4.760848747,0.074618588,0.292,0.375,0.458,ground glean,insct/om,,0.66561,0.67531
174,5390,McCown's Longspur,24,10.52481785,1.022214588,0.678523783,High,23,1.361727836,-2.8,B,23,684330.5534,5.83526593,0.4487,0.40991,22,short,migrant,0.799659975,0.799659975,7,6.03143367,0.198765184,0.042,0.125,0.208,ground glean,insct/om,,0.5513,0.59009
175,5400,Vesper Sparrow,543,12.32871961,1.090917975,0.674116242,High,27,1.431363764,-1.1,B,703,7376295.004,6.867838277,0.55489,0.53172,573,short,migrant,1.971164461,1.971164461,25,3.54160538,1.13157477,0.39,0.538,0.608,ground glean,insct/om,,0.44511,0.46828
176,5420,Savannah Sparrow,511,14.68427065,1.16685238,0.7510163,High,21.33,1.328990855,-0.8,Y,873,13733796.93,7.137790622,0.46167,0.44879,722,short,migrant,2.379437459,2.343684639,36,2.660240319,1.074942128,0.55,0.695,0.734,ground glean,insct/om,,0.53833,0.55121
177,5450,Baird's Sparrow,37,5.767203175,0.760965252,0.461359993,Low,18,1.255272505,-3.9,B,32,1165631.358,6.066561222,0.49225,0.43021,21,neotrop,migrant,0.492787454,0.492787454,7,5.76520358,0.095048673,0.216,0.324,0.405,ground glean,insct/om,,0.50775,0.56979
178,5460,Grasshopper Sparrow,518,6.676232856,0.824531476,0.453597598,Med,17,1.230448921,-3.8,B,618,5212162.552,6.717017952,0.42174,0.41587,431,neotrop,migrant,1.713737987,1.567528216,33,0.888096334,0.648038201,0.34,0.517,0.627,ground glean,insct/om,,0.57826,0.58413
179,5470,Henslow's Sparrow,182,1.761607143,0.245909063,0.152484629,Low,13,1.113943352,-8.7,Y,36,1091365.634,6.037970274,0.21228,0.15945,16,short,migrant,0.549515744,0.549515744,5,1.249446228,0.064913309,0.049,0.11,0.154,ground glean,insct/om,,0.78772,0.84055
180,5480,Le Conte's Sparrow,70,3.962426485,0.597961218,0.382869057,Low,13,1.113943352,-0.5,Y,71,2856276.811,6.455800294,0.3673,0.41679,44,short,migrant,1.012501397,1.012501397,6,6.204479114,0.158191092,0.243,0.457,0.514,ground glean,insct/om,,0.6327,0.58321
181,5490,Saltmarsh Sharp-tailed Sparrow,25,1.9375,0.287241711,0,Low,19,1.278753601,,,1,72570.32711,4.860759081,,,0,short,migrant,0.631800137,0.631800137,3,3.167181448,0.007357188,0,0.04,0.08,ground glean,insct/om,,1,1
182,5491,Nelson's Sharp-tailed Sparrow,39,1.624113633,0.210616412,0.132361448,Low,19,1.278753601,2.1,Y,21,1339209.688,6.126848583,0.44223,0.46544,13,short,migrant,0.918296418,0.918296418,3,4.880012767,0.591368444,0.103,0.359,0.462,ground glean,insct/om,,0.55777,0.53456
183,5500,Seaside Sparrow,35,4.866872428,0.687249963,0.403079375,Med,23,1.361727836,-0.2,Y,13,174044.733,5.240660885,0.12883,0.12227,8,short,migrant,1.429272829,1.429272829,6,4.507832918,0.432129342,0.143,0.171,0.171,ground glean,insct/om,,0.87117,0.87773
184,5520,Lark Sparrow,332,7.063421406,0.849015117,0.514293352,Med,29,1.462397998,-2.5,Y,538,5600871.659,6.748255621,0.49721,0.45507,423,neotrop,migrant,2.385255813,2.385254564,33,3.122304815,1.057654225,0.386,0.548,0.614,ground glean,insct/om,,0.50279,0.54493
185,5540,White-crowned Sparrow,121,11.78129883,1.071193172,0.657118143,High,28.12,1.449015316,-1.3,B,221,7328605.198,6.865021326,0.44971,0.46109,173,short,migrant,2.087514245,2.087514245,25,7.216386599,2.39581225,0.314,0.438,0.521,ground glean,insct/om,,0.55029,0.53891
186,5570,Golden-crowned Sparrow,15,17.16631494,1.234677076,0.674825827,High,29.8,1.474216264,,,20,1666075.739,6.22169474,0.47673,0.42302,12,short,migrant,1.900084781,1.900084781,11,9.066936452,0.258769855,0.333,0.4,0.467,ground glean,insct/om,,0.52327,0.57698
187,5580,White-throated Sparrow,174,22.44786111,1.351174967,0.961375006,High,25.9,1.413299764,-0.7,B,350,5639928.1,6.751273567,0.52905,0.52444,325,short,migrant,0.926026954,0.926026954,12,3.454441063,0.135304425,0.58,0.672,0.73,ground glean,insct/om,,0.47095,0.47556
188,5590,American Tree Sparrow,17,15.25689866,1.183466262,0.793542912,High,20,1.301029996,,,29,4951796.524,6.694762791,0.33098,0.36578,24,short,migrant,1.378059581,1.378059581,9,14.44817181,0.558090629,0.529,0.647,0.765,ground glean,insct/om,,0.66902,0.63422
189,5600,Chipping Sparrow,774,13.29193487,1.123588205,0.882844787,High,12,1.079181246,-0.2,Y,1749,13334726.06,7.124984098,0.583,0.56737,1530,neotrop,migrant,2.68987451,2.559655954,40,0.366438601,0.781101295,0.758,0.818,0.851,ground glean,insct/om,,0.417,0.43263
190,5610,Clay-colored Sparrow,115,16.08607524,1.206450096,0.803070518,High,12,1.079181246,-1.2,Y,255,3207890.831,6.50621958,0.53375,0.51962,222,neotrop,migrant,1.406628043,1.406628043,8,5.966264625,0.212103774,0.565,0.696,0.73,ground glean,insct/om,,0.46625,0.48038
191,5620,Brewer's Sparrow,165,15.38006752,1.186958242,0.785892858,High,11,1.041392685,-2.8,B,258,3221811.005,6.508100061,0.5093,0.51381,198,neotrop,migrant,2.312102089,2.312102089,25,9.37272559,0.390908322,0.424,0.564,0.6,ground glean,insct/om,,0.4907,0.48619
192,5630,Field Sparrow,478,7.023927203,0.846580002,0.621119033,Med,13,1.113943352,-3,Y,909,3994226.54,6.601432693,0.50959,0.504,712,short,migrant,1.20967316,1.20967316,12,1.407385674,0.531877201,0.724,0.839,0.889,ground glean,insct/om,,0.49041,0.496
193,5650,Black-chinned Sparrow,26,5.802891157,0.763644425,0.303821301,Low,12,1.079181246,-5.3,Y,15,806034.853,5.906353821,0.34977,0.3495,13,short,migrant,2.515611962,2.361554113,27,9.472270922,0.331299379,0.154,0.269,0.308,ground glean,insct/om,,0.65023,0.6505
194,5660,Dark-eyed Junco,344,13.42778063,1.128004237,0.771513387,High,19.75,1.2955671,-1.5,B,16,10128696.73,7.005553568,0.54599,0.51457,6,short,migrant,2.174039849,2.174039849,33,3.673928021,1.165123254,0.445,0.552,0.605,ground glean,insct/om,,0.45401,0.48543
196,5730,Black-throated Sparrow,89,19.95206685,1.299987891,0.893826553,High,14,1.146128036,-4.1,B,160,2839591.079,6.453255803,0.55227,0.54234,132,short,migrant,2.736494698,2.638107226,29,12.44326636,0.695068077,0.472,0.539,0.607,ground glean,insct/om,,0.44773,0.45766
197,5740,Sage Sparrow,65,11.56867424,1.063283592,0.693770405,High,19,1.278753601,0,Y,102,1088536.442,6.036842973,0.53459,0.49811,76,short,migrant,2.09103934,2.09103934,20,10.84127493,0.512228084,0.308,0.446,0.538,ground glean,insct/om,,0.46541,0.50189
199,5750,Bachman's Sparrow,233,3.041256723,0.483053082,0.318116635,Med,19.5,1.290034611,-2,Y,57,960372.2199,5.982439589,0.40771,0.32712,24,short,migrant,1.155803515,1.155803515,7,10.60184426,0.140304415,0.103,0.15,0.18,ground glean,insct/om,,0.59229,0.67288
201,5780,Cassin's Sparrow,53,22.82408918,1.358393456,0.884121152,High,19,1.278753601,-2.2,B,132,2033974.428,6.308345488,0.55419,0.49931,100,short,migrant,2.194649606,2.182318543,22,7.028941844,0.249722238,0.453,0.736,0.755,ground glean,insct/om,,0.44581,0.50069
203,5800,Rufous-crowned Sparrow,31,4.227487418,0.626082324,0.38547054,Low,18.25,1.261262869,-1.5,Y,50,1186593.81,6.074302079,0.50576,0.42499,30,resid,resid,2.803502541,2.501744233,28,6.541632138,0.573144069,0.419,0.581,0.645,ground glean,insct/om,,0.49424,0.57501
204,5810,Song Sparrow,648,18.96061129,1.277852335,0.968747252,High,21.33,1.328990855,-0.6,Y,1540,10286032.34,7.012247885,0.59866,0.58544,1365,short,migrant,2.323727863,2.29373139,36,0.829345396,0.614205448,0.841,0.901,0.917,ground glean,insct/om,,0.40134,0.41456
205,5830,Lincoln's Sparrow,171,5.645296415,0.75168675,0.474960379,Med,17,1.230448921,1.4,Y,257,7537362.187,6.877219385,0.49875,0.47626,200,neotrop,migrant,1.8059132,1.8059132,32,5.472799364,1.048972641,0.345,0.468,0.532,ground glean,insct/om,,0.50125,0.52374
206,5840,Swamp Sparrow,331,3.242035183,0.510817724,0.324809046,Low,17,1.230448921,1.5,B,329,6011541.266,6.778985833,0.40978,0.4132,250,short,migrant,1.046532828,1.046532828,15,2.521314336,0.272145802,0.347,0.511,0.556,ground glean,insct/om,,0.59022,0.5868
207,5850,Fox Sparrow,160,8.80438891,0.944699218,0.579899839,High,32,1.505149978,0.4,B,188,7512424.134,6.875780099,0.46143,0.44863,146,short,migrant,2.095037564,2.095037564,27,4.505949131,0.859304864,0.238,0.331,0.394,ground glean,insct/om,,0.53857,0.55137
209,5870,Eastern Towhee,487,9.797177466,0.991100975,0.695709511,High,42,1.62324929,-1.7,Y,924,3153320.255,6.49876808,0.57022,0.55527,698,short,migrant,1.104474223,1.104474223,11,4.298879009,1.255019349,0.721,0.862,0.908,ground glean,insct/om,,0.42978,0.44473
210,5880,Spotted Towhee,196,10.85399994,1.035589815,0.680374366,High,42,1.62324929,0.2,B,401,3541674.478,6.549208642,0.50123,0.50626,302,short,migrant,2.602297678,2.501404763,29,3.719501827,1.065415871,0.52,0.617,0.699,ground glean,insct/om,,0.49877,0.49374
211,5900,Green-tailed Towhee,109,8.861121709,0.947488702,0.589763038,High,29,1.462397998,-0.4,B,179,1735700.175,6.239474707,0.48347,0.4937,130,neotrop,migrant,2.259845034,2.259845034,23,10.2170435,0.61851589,0.422,0.514,0.56,ground glean,insct/om,,0.51653,0.5063
212,5910,Canyon Towhee,28,4.559384301,0.658906199,0.428323094,Med,44,1.643452676,-1.6,B,60,1640525.415,6.214982963,0.46201,0.44472,41,resid,resid,2.339685469,2.090578951,22,7.475364004,0.405600321,0.679,0.75,0.786,ground glean,insct/om,,0.53799,0.55528
213,5911,California Towhee,26,13.9333373,1.144055151,0.819685346,High,53.75,1.730378469,-0.4,B,53,392712.1555,5.594074344,0.5458,0.54388,48,resid,resid,2.178222414,2.068361524,15,5.483517785,0.195762731,0.538,0.538,0.654,ground glean,insct/om,,0.4542,0.45612
214,5920,Abert's Towhee,11,4.246583851,0.628039704,0.440976322,Low,46.25,1.665111737,-0.1,B,12,170296.3239,5.231205273,0.33325,0.33274,11,resid,resid,1.687635974,1.687635974,13,14.10816663,0.490976137,0.636,0.727,0.818,ground glean,insct/om,,0.66675,0.66726
215,5930,Northern Cardinal,543,27.65276305,1.441738532,1.226508079,High,47.25,1.674401813,0.1,Y,1353,5835003.662,6.766041133,0.61382,0.6133,1203,resid,resid,2.302359818,2.000549863,28,3.391156058,1.068063539,0.899,0.926,0.936,ground glean,insct/om,,0.38618,0.3867
216,5940,Pyrrhuloxia,29,13.12770458,1.118188795,0.609917681,High,35.5,1.550228353,-2,B,51,1521619.279,6.182306002,0.55574,0.48992,44,resid,resid,2.256732125,2.027707841,19,10.31874797,0.225755099,0.414,0.621,0.655,ground glean,insct/om,,0.44426,0.51008
217,5950,Rose-breasted Grosbeak,383,3.722335734,0.570815542,0.385241709,Low,46,1.662757832,-0.8,Y,624,3766821.246,6.575975011,0.52843,0.52983,422,neotrop,migrant,1.210144664,1.210144664,10,1.947735345,0.283961607,0.574,0.749,0.796,foliage glean,insectivore,,0.47157,0.47017
218,5960,Black-headed Grosbeak,209,6.235867217,0.794896859,0.491393714,Med,42.5,1.62838893,0.7,Y,367,4520996.22,6.655234144,0.53117,0.51792,256,neotrop,migrant,2.677561234,2.522882471,31,4.425723501,0.937194733,0.517,0.703,0.751,foliage glean,insectivore,,0.46883,0.48208
219,5970,Blue Grosbeak,298,5.309109658,0.725021696,0.499552097,Med,28.5,1.45484486,1,Y,668,5299288.448,6.724217559,0.53842,0.53349,514,neotrop,migrant,2.754186359,2.484206147,32,3.260680428,1.242707374,0.681,0.826,0.846,ground glean,insectivore,,0.46158,0.46651
220,5980,Indigo Bunting,594,17.5877525,1.245210345,0.984992595,High,15,1.176091259,-0.6,Y,1213,5859725.256,6.767877254,0.62045,0.60225,1078,neotrop,migrant,1.906625689,1.906625689,27,2.242278387,0.616412621,0.793,0.85,0.869,ground glean,insct/om,,0.37955,0.39775
221,5990,Lazuli Bunting,166,4.264755971,0.629894186,0.376072911,Med,15.5,1.190331698,22.7,R,228,2819252.347,6.450133951,0.45474,0.42779,140,neotrop,migrant,2.249890098,2.249890098,19,4.082330441,0.937941795,0.38,0.59,0.669,ground glean,insct/om,,0.54526,0.57221
223,6010,Painted Bunting,57,10.0754794,1.003265719,0.688080851,High,16,1.204119983,-1.9,B,173,1412063.578,6.149854251,0.63468,0.56951,152,neotrop,migrant,2.070550364,2.070550364,14,6.125475391,0.272104868,0.632,0.702,0.737,ground glean,insct/om,,0.36532,0.43049
224,6040,Dickcissel,270,22.15758037,1.345522333,0.847955802,High,29,1.462397998,-0.9,Y,463,3458333.041,6.538866814,0.46882,0.44523,407,neotrop,migrant,1.213331805,1.213331805,12,1.675167993,0.237939958,0.47,0.63,0.7,ground glean,insct/om,,0.53118,0.55477
225,6050,Lark Bunting,67,57.45509583,1.759328553,0.986546352,High,38,1.579783597,-1.4,B,150,1825935.611,6.261485459,0.46507,0.43976,132,neotrop,migrant,0.851372642,0.851372642,11,5.235452993,0.223578916,0.388,0.537,0.612,ground glean,insct/om,,0.53493,0.56024
226,6070,Western Tanager,167,9.008911877,0.954672339,0.652065896,High,28,1.447158031,0.9,Y,426,3651808.32,6.562507974,0.60739,0.5863,327,neotrop,migrant,2.41314907,2.41314907,27,5.3411236,0.836442449,0.647,0.737,0.766,foliage glean,insectivore,,0.39261,0.4137
227,6080,Scarlet Tanager,409,3.738840674,0.572736959,0.37611279,Med,29,1.462397998,-0.2,Y,612,2601578.498,6.415236934,0.55811,0.54749,455,neotrop,migrant,0.64572475,0.64572475,7,1.395029261,0.104476479,0.628,0.792,0.851,hover/glean,insectivore,,0.44189,0.45251
228,6090,Hepatic Tanager,18,2.415208065,0.38295455,0.241138173,Low,38,1.579783597,3.6,Y,18,1108858.134,6.044875987,0.5541,0.49948,8,neotrop,migrant,2.942625868,2.126921711,21,9.050921667,0.104669147,0.278,0.389,0.389,foliage glean,insct/om,,0.4459,0.50052
229,6100,Summer Tanager,307,4.785915751,0.679965049,0.484279877,Med,28,1.447158031,0.4,B,503,3270936.415,6.514672102,0.57104,0.53779,367,neotrop,migrant,2.175274769,2.12471479,30,5.397428391,0.623351625,0.57,0.694,0.733,foliage glean,insectivore,,0.42896,0.46221
230,6110,Purple Martin,553,9.453097221,0.975574124,0.651854696,High,49,1.69019608,0,Y,734,5719269.373,6.757340552,0.26936,0.24334,578,neotrop,migrant,2.005262601,1.968710326,36,3.86738481,1.503906491,0.472,0.626,0.707,aerial foraging,insectivore,,0.73064,0.75666
231,6120,Cliff Swallow,614,33.78219094,1.528687812,0.882799169,High,22,1.342422681,0.7,Y,880,11966860.09,7.077980214,0.21772,0.20825,784,neotrop,migrant,2.719393605,2.619577741,42,0.86934939,1.386104338,0.419,0.622,0.705,aerial foraging,insectivore,,0.78228,0.79175
233,6130,Barn Swallow,794,15.24404619,1.183100256,0.93331626,High,17.5,1.243038049,-0.9,Y,1967,12876428.64,7.109795425,0.38613,0.3689,1734,neotrop,migrant,2.632327045,2.580962855,41,0.415375433,1.363878198,0.844,0.928,0.951,aerial foraging,insectivore,,0.61387,0.6311
234,6140,Tree Swallow,630,7.587802101,0.880115995,0.594751426,Med,20,1.301029996,0,Y,1108,11680110.25,7.067446942,0.34599,0.33392,912,short,migrant,2.132768451,2.132768451,32,1.015030322,0.751957794,0.597,0.776,0.819,aerial foraging,insectivore,,0.65401,0.66608
235,6150,Violet-green Swallow,229,9.944238683,0.99757154,0.6447484,High,14,1.146128036,1.1,B,351,6092544.676,6.784798723,0.36666,0.33152,289,neotrop,migrant,3.073881953,2.96920958,36,4.086897601,1.454395118,0.424,0.594,0.677,aerial foraging,insectivore,,0.63334,0.66848
236,6160,Bank Swallow,522,9.47463067,0.97656229,0.55374812,High,15,1.176091259,-0.6,B,276,10473732.21,7.020101466,0.14278,0.15355,233,neotrop,migrant,2.02274314,2.02274314,35,1.292370194,1.032134756,0.144,0.358,0.502,aerial foraging,insectivore,,0.85722,0.84645
237,6170,Northern Rough-winged Swallow,777,4.383286983,0.641799906,0.376987515,Med,16,1.204119983,-0.7,Y,713,9817129.342,6.991984513,0.23888,0.23625,515,neotrop,migrant,2.751440252,2.477515203,37,0.134801087,1.869717661,0.349,0.638,0.752,aerial foraging,insectivore,,0.76112,0.76375
238,6180,Bohemian Waxwing,48,3.287020503,0.516802413,0.30272368,Low,56,1.748188027,,,18,3988925.021,6.600855873,0.37068,0.30106,18,short,migrant,1.60710009,1.60710009,16,11.25350234,0.517497909,0.083,0.25,0.25,foliage glean,insct/om,,0.62932,0.69894
239,6190,Cedar Waxwing,536,8.845444013,0.946719638,0.707311951,High,32.5,1.511883361,1.1,B,1061,7417234.178,6.870241991,0.35702,0.32486,893,short,migrant,1.92580413,1.92580413,24,0.992599613,0.475384278,0.67,0.832,0.868,foliage glean,insct/om,,0.64298,0.67514
240,6200,Phainopepla,25,5.211498636,0.716962628,0.341547454,Low,24,1.380211242,-0.3,B,44,1251846.832,6.097551195,0.42116,0.36379,28,neotrop,migrant,2.358226257,2.138051266,25,10.622066,0.638405078,0.56,0.64,0.68,foliage glean,frugivore,,0.57884,0.63621
241,6210,Northern Shrike,22,1.375,0.138302698,0.050171666,,66,1.819543936,,,,3525154.198,6.547178119,,,,short,migrant,1.403566555,1.403566555,9,11.75839329,0.78350449,0,0.091,0.136,swoops,insectivore,,1,1
242,6220,Loggerhead Shrike,599,2.794626022,0.446323699,0.280568566,Low,47,1.672097858,-3.8,B,497,8856430.877,6.947258737,0.46748,0.4556,278,short,migrant,2.670624559,2.517321661,37,2.017336744,1.05339031,0.237,0.381,0.467,swoops,insectivore,,0.53252,0.5444
243,6230,Black-whiskered Vireo,10,7.059027778,0.848744891,0.588719941,Med,18,1.255272505,,,6,270114.4762,5.43154786,0.45682,0.50339,4,neotrop,migrant,1.72514673,0.754919711,5,16.6076287,0.061832396,0.1,0.1,0.1,foliage glean,insectivore,,0.54318,0.49661
244,6240,Red-eyed Vireo,673,16.03897171,1.205176521,0.811764717,High,15.5,1.190331698,1.3,Y,1379,11769234.78,7.070748226,0.58866,0.5744,1142,neotrop,migrant,1.858668193,1.858668193,26,1.258807678,0.195461454,0.724,0.819,0.866,hover/glean,insectivore,,0.41134,0.4256
245,6260,Philadelphia Vireo,83,2.942987045,0.46878835,0.218432081,Low,12,1.079181246,2.5,B,59,2740030.092,6.437755332,0.53437,0.57814,29,neotrop,migrant,1.311472411,1.311472411,9,4.490493997,0.257853595,0.096,0.193,0.313,hover/glean,insectivore,,0.46563,0.42186
246,6270,Warbling Vireo,697,6.476860394,0.811364536,0.51730229,Med,15,1.176091259,1.1,B,1109,9790512.562,6.990805429,0.54343,0.54075,824,neotrop,migrant,2.522252462,2.466420359,35,1.68747922,2.609799781,0.532,0.664,0.72,foliage glean,insectivore,,0.45657,0.45925
247,6280,Yellow-throated Vireo,461,2.138930019,0.330196576,0.214570971,Low,18,1.255272505,1.1,Y,513,3164624.551,6.500322193,0.53518,0.53485,280,neotrop,migrant,1.072293188,1.072293188,11,2.299091888,0.932791643,0.41,0.683,0.781,foliage glean,insectivore,,0.46482,0.46515
248,6290,Blue-headed Vireo,180,3.244859608,0.511195911,0.303129363,Low,17,1.230448921,4.9,Y,333,3317326.505,6.520788219,0.5509,0.55165,213,neotrop,migrant,0.896431345,0.896431345,8,1.959275558,0.246896379,0.522,0.711,0.778,foliage glean,insectivore,,0.4491,0.44835
249,6291,Plumbeous Vireo,51,4.69151603,0.671313205,0.456714546,Med,17,1.230448921,-0.2,B,173,1294382.211,6.112062536,0.58932,0.55344,132,neotrop,migrant,2.614128512,2.247290528,18,5.729187686,0.749449949,0.373,0.451,0.529,foliage glean,insectivore,,0.41068,0.44656
250,6292,Cassin's Vireo,99,4.316686215,0.63515048,0.442000007,Med,17,1.230448921,1.1,B,90,1412071.623,6.149856725,0.52635,0.51134,69,neotrop,migrant,2.517806802,2.517806802,20,8.254016671,0.565566559,0.414,0.566,0.667,foliage glean,insectivore,,0.47365,0.48866
251,6300,Black-capped Vireo,11,3.27202381,0.514816455,0.38809769,Low,9,0.954242509,,,5,389882.8608,5.590934144,0.948413,0.49831,3,neotrop,migrant,1.59683387,1.59683387,9,8.349522258,0.057836609,0,0.091,0.182,foliage glean,insectivore,,0.051587,0.50169
252,6310,White-eyed Vireo,381,7.208997163,0.857874855,0.576584001,Med,11,1.041392685,0.3,B,640,3035092.474,6.482171928,0.54197,0.54141,485,neotrop,migrant,1.667017891,1.617564247,16,6.586376949,0.702938989,0.601,0.724,0.782,foliage glean,insectivore,,0.45803,0.45859
253,6320,Hutton's Vireo,45,2.912311508,0.464237826,0.345350588,Low,12,1.079181246,0.7,Y,81,1215937.93,6.084911406,0.5979,0.5626,48,resid,resid,2.905839729,2.457125558,26,6.868072898,0.615894614,0.311,0.489,0.556,foliage glean,insectivore,,0.4021,0.4374
254,6330,Bell's Vireo,142,4.073837552,0.610003707,0.281427979,Med,9,0.954242509,-2.7,B,110,2636903.39,6.421094219,0.46266,0.44624,73,neotrop,migrant,2.133705187,2.060096426,28,4.222669913,1.291694438,0.169,0.324,0.437,foliage glean,insectivore,,0.53734,0.55376
255,6340,Gray Vireo,17,2.745272905,0.438585524,0.229752271,Low,13,1.113943352,0.5,Y,18,483111.7002,5.684047556,0.48157,0.49574,13,neotrop,migrant,2.268816875,2.268816875,24,8.911199413,0.356276242,0.176,0.294,0.294,foliage glean,insectivore,,0.51843,0.50426
256,6360,Black-and-white Warbler,400,3.625909762,0.559416992,0.361708594,Low,11,1.041392685,-0.4,B,543,5371649.072,6.730107633,0.55149,0.55448,333,neotrop,migrant,1.209400129,1.209400129,11,1.638853482,0.224271772,0.435,0.62,0.683,bark glean,insectivore,,0.44851,0.44552
257,6370,Prothonotary Warbler,298,2.801680176,0.447418557,0.239154131,Med,15.75,1.197280558,-1.5,Y,182,2172594.992,6.336978774,0.47085,0.37442,81,neotrop,migrant,1.216145006,1.216145006,9,6.350994826,0.56520463,0.228,0.322,0.386,bark glean,insectivore,,0.52915,0.62558
258,6380,Swainson's Warbler,121,1.441760729,0.158893192,0.093153418,Low,19,1.278753601,8.6,Y,40,1143173.026,6.058111969,0.50038,0.4598,13,neotrop,migrant,1.227462727,1.227462727,9,7.710696072,0.481799423,0.116,0.273,0.322,ground glean,insectivore,,0.49962,0.5402
259,6390,Worm-eating Warbler,284,1.93820006,0.287398603,0.179363165,Low,13,1.113943352,1.2,Y,176,1753886.228,6.244001418,0.45442,0.46999,60,neotrop,migrant,0.969260757,0.969260757,7,2.483297178,0.328734114,0.236,0.415,0.475,foliage glean,insectivore,,0.54558,0.53001
260,6410,Blue-winged Warbler,308,2.21390637,0.34515925,0.212075524,Low,8,0.903089987,-0.7,Y,146,1782986.441,6.251148041,0.46527,0.48229,63,neotrop,migrant,0.557939238,0.557939238,5,1.485537295,0.084154811,0.211,0.373,0.461,foliage glean,insectivore,,0.53473,0.51771
261,6420,Golden-winged Warbler,252,1.811653379,0.258075108,0.147750977,Low,9.5,0.977723605,-2.5,Y,52,1392609.333,6.143829301,0.54808,0.49475,30,neotrop,migrant,0.244734945,0.244734945,4,2.358708253,0.370369676,0.075,0.159,0.254,foliage glean,insectivore,,0.45192,0.50525
262,6430,Lucy's Warbler,16,12.43149586,1.09452339,0.619282716,High,7,0.84509804,-0.3,B,20,391513.0604,5.592746254,0.45154,0.37534,14,short,migrant,2.079068806,2.017779242,17,11.87498859,0.156318943,0.375,0.625,0.625,foliage glean,insectivore,,0.54846,0.62466
263,6440,Virginia's Warbler,21,4.569124673,0.659833008,0.469921823,Med,8,0.903089987,-0.8,B,55,280847.5712,5.448470672,0.4606,0.46704,47,neotrop,migrant,2.054018444,2.054018444,17,8.993092736,0.422130997,0.333,0.429,0.476,ground glean,insectivore,,0.5394,0.53296
264,6450,Nashville Warbler,205,8.605263075,0.934764152,0.551445602,High,9,0.954242509,2.7,B,324,2764620.908,6.441635588,0.54573,0.53642,251,neotrop,migrant,1.477776417,1.477776417,19,1.982491851,0.223012613,0.42,0.546,0.644,foliage glean,insectivore,,0.45427,0.46358
265,6460,Orange-crowned Warbler,181,8.249737088,0.916440108,0.587300813,Med,9,0.954242509,-1.3,B,330,7451933.474,6.872268969,0.53501,0.52045,259,neotrop,migrant,2.161480153,2.161480153,31,3.530283904,1.05085443,0.431,0.53,0.58,foliage glean,insectivore,,0.46499,0.47955
266,6470,Tennessee Warbler,65,6.58041144,0.818253049,0.388480592,High,10.25,1.010723865,-0.3,Y,102,4757616.346,6.677389418,0.38251,0.43241,55,neotrop,migrant,1.068275197,1.068275197,11,5.774972842,0.772753061,0.277,0.431,0.615,foliage glean,insectivore,,0.61749,0.56759
267,6480,Northern Parula,408,3.931587667,0.594567964,0.358021697,Med,9,0.954242509,0.8,B,553,3352709.963,6.525395985,0.4964,0.49032,384,neotrop,migrant,1.301122608,1.301122608,11,3.192044514,1.132600371,0.458,0.662,0.718,foliage glean,insectivore,,0.5036,0.50968
269,6500,Cape May Warbler,59,1.985870927,0.297951018,0.168320867,Low,11,1.041392685,0,Y,55,2565011.573,6.409089329,0.43719,0.53564,23,neotrop,migrant,0.787422425,0.787422425,7,3.98559056,0.261622086,0.119,0.254,0.475,foliage glean,insectivore,,0.56281,0.46436
271,6520,Yellow Warbler,704,7.935042699,0.899549268,0.599012755,Med,11.5,1.06069784,0.3,B,1327,14878009.74,7.172544839,0.527,0.51309,998,neotrop,migrant,2.499002147,2.448940876,38,1.260727196,1.025062808,0.649,0.79,0.835,foliage glean,insectivore,,0.473,0.48691
272,6540,Black-throated Blue Warbler,136,2.722932522,0.435036879,0.27959646,Low,10.75,1.031408464,1,Y,173,1145360.437,6.058942178,0.50929,0.46143,99,neotrop,migrant,0.484876992,0.484876992,4,2.5552229,0.124830605,0.36,0.603,0.654,hover/glean,insectivore,,0.49071,0.53857
273,6550,Yellow-rumped Warbler,316,10.83560186,1.034853039,0.714642521,High,12.38,1.092720645,0.4,B,374,9823384.738,6.992261154,0.56809,0.56508,299,short,migrant,2.204123702,2.204123702,34,3.847653162,1.250473627,0.573,0.671,0.712,foliage glean,insectivore,,0.43191,0.43492
274,6570,Magnolia Warbler,156,7.103215434,0.851454987,0.480261238,Med,9.5,0.977723605,1.6,B,261,3647918.046,6.562045073,0.53391,0.53371,216,neotrop,migrant,0.899787133,0.899787133,9,3.073518749,0.115255684,0.417,0.628,0.692,hover/glean,insectivore,,0.46609,0.46629
275,6580,Cerulean Warbler,256,2.157992937,0.334050019,0.176521196,Low,9.5,0.977723605,-4.3,Y,73,1232869.79,6.090917211,0.25105,0.41437,27,neotrop,migrant,0.470437765,0.470437765,5,1.758247707,0.118575559,0.105,0.199,0.281,foliage glean,insectivore,,0.74895,0.58563
276,6590,Chestnut-sided Warbler,204,7.812758872,0.892804421,0.60811663,Med,9.75,0.989004616,-0.6,Y,410,2416050.671,6.383106038,0.56727,0.56214,340,neotrop,migrant,0.923372565,0.923372565,5,2.524855503,0.164546879,0.681,0.809,0.863,foliage glean,insct/om,,0.43273,0.43786
277,6600,Bay-breasted Warbler,48,2.270505304,0.356122521,0.180596906,Low,12.75,1.105510185,-2.4,Y,50,2636135.633,6.420967752,0.50121,0.43136,23,neotrop,migrant,0.629428599,0.629428599,6,3.67824009,0.085293109,0.104,0.375,0.458,foliage glean,insectivore,,0.49879,0.56864
278,6610,Blackpoll Warbler,45,5.989283592,0.777374877,0.383541696,Med,13,1.113943352,-2.7,Y,51,6319508.191,6.800683281,0.48404,0.48439,47,neotrop,migrant,1.255984654,1.255984654,14,6.936383836,0.92942734,0.178,0.467,0.556,foliage glean,insectivore,,0.51596,0.51561
279,6620,Blackburnian Warbler,188,3.223624392,0.508344433,0.314927574,Low,10,1,0.8,B,201,2021385.135,6.305649068,0.54302,0.53343,144,neotrop,migrant,0.813129373,0.813129373,5,2.698093217,0.131936687,0.351,0.516,0.596,foliage glean,insct/om,,0.45698,0.46657
280,6630,Yellow-throated Warbler,269,2.519482507,0.401311347,0.237770232,Low,9,0.954242509,0.9,Y,217,1929246.244,6.285387663,0.54523,0.47711,117,neotrop,migrant,1.222775323,1.215696404,8,4.040777061,0.521936718,0.26,0.431,0.528,bark glean,insectivore,,0.45477,0.52289
281,6640,Grace's Warbler,27,6.361252835,0.803542657,0.659422573,Med,8,0.903089987,-2.3,Y,23,1126277.14,6.051645269,0.44552,0.42648,20,neotrop,migrant,2.957819624,2.302519899,16,8.271154289,0.107484639,0.185,0.185,0.185,foliage glean,insectivore,,0.55448,0.57352
282,6650,Black-throated Gray Warbler,113,4.836502288,0.684531398,0.448039546,Med,8.5,0.929418926,0.1,B,132,1792245.817,6.253397575,0.49725,0.4846,89,neotrop,migrant,2.662160996,2.662160996,25,6.430476842,1.096216595,0.23,0.416,0.469,foliage glean,insectivore,,0.50275,0.5154
284,6670,Black-throated Green Warbler,230,4.713536713,0.673346894,0.427231928,Med,9,0.954242509,-1.8,B,358,3308313.219,6.51960662,0.49223,0.48339,263,neotrop,migrant,0.798741405,0.798741405,7,2.220158109,0.169136973,0.526,0.661,0.704,foliage glean,insectivore,,0.50777,0.51661
285,6680,Townsend's Warbler,56,9.849421769,0.993410735,0.583445068,High,9,0.954242509,0.5,Y,113,1400111.657,6.146162671,0.46946,0.45053,94,neotrop,migrant,2.208999705,2.208999705,16,5.981542393,1.136130346,0.5,0.589,0.768,foliage glean,insectivore,,0.53054,0.54947
286,6690,Hermit Warbler,37,12.50466107,1.097071925,0.790045128,High,9.75,0.989004616,0,B,74,335122.8885,5.525204091,0.48902,0.4788,54,neotrop,migrant,2.055225249,2.055225249,15,10.20622586,0.463110722,0.27,0.432,0.486,foliage glean,insectivore,,0.51098,0.5212
287,6710,Pine Warbler,293,7.066176895,0.849184505,0.560831863,Med,12,1.079181246,0.9,B,568,2377227.871,6.376070813,0.5086,0.50874,392,short,migrant,1.106263921,0.836148466,11,5.373691483,1.01088946,0.597,0.703,0.73,bark glean,insct/om,,0.4914,0.49126
288,6720,Palm Warbler,46,2.553111796,0.407069832,0.2317321,Low,10,1,3.8,Y,41,3364313.157,6.526896414,0.35094,0.34111,15,neotrop,migrant,0.561695056,0.561695056,6,3.521797091,0.281622266,0.087,0.261,0.348,ground glean,insectivore,,0.64906,0.65889
289,6730,Prairie Warbler,261,3.359077655,0.526220044,0.324195283,Low,8.25,0.916453949,-2.1,Y,358,1565554.095,6.194668078,0.44186,0.42826,190,neotrop,migrant,0.896633384,0.896633384,9,3.874069786,0.591472624,0.444,0.678,0.755,foliage glean,insectivore,,0.55814,0.57174
290,6740,Ovenbird,456,12.49436923,1.096714336,0.746226962,High,19,1.278753601,0.5,Y,823,5209025.23,6.716756461,0.53003,0.50152,660,neotrop,migrant,1.220701861,1.220701861,12,1.672051304,0.328786428,0.632,0.715,0.739,ground glean,insectivore,,0.46997,0.49848
291,6750,Northern Waterthrush,236,4.060149333,0.608542007,0.319522095,Med,18,1.255272505,-0.1,B,268,7570213.825,6.879108147,0.44528,0.44798,165,neotrop,migrant,1.531256775,1.531256775,17,4.655778497,0.97382011,0.301,0.458,0.538,ground glean,insectivore,,0.55472,0.55202
292,6760,Louisiana Waterthrush,376,1.482741904,0.171065561,0.113516189,Low,21,1.322219295,0.8,Y,195,2410309.708,6.38207285,0.52559,0.46841,77,neotrop,migrant,0.945383501,0.945383501,8,2.307089524,0.383609517,0.178,0.396,0.516,ground glean,insectivore,,0.47441,0.53159
293,6770,Kentucky Warbler,293,2.66099261,0.425043669,0.263011423,Low,14,1.146128036,-1,B,294,1969699.202,6.294399909,0.52966,0.50585,183,neotrop,migrant,1.03547921,1.03547921,8,3.782228939,0.549650415,0.382,0.577,0.696,ground glean,insectivore,,0.47034,0.49415
294,6780,Connecticut Warbler,36,2.753208232,0.439839059,0.295635379,Low,15,1.176091259,-1.3,Y,35,1178594.85,6.071364539,0.27508,0.40523,20,neotrop,migrant,0.99542613,0.99542613,5,5.934615786,0.164765849,0.056,0.278,0.389,ground glean,insectivore,,0.72492,0.59477
295,6790,Mourning Warbler,161,4.395262854,0.642984853,0.368631748,Low,12.75,1.105510185,-1.2,Y,219,2700805.283,6.431493274,0.51421,0.52131,158,neotrop,migrant,0.915953238,0.915953238,6,3.457304594,0.155193116,0.404,0.621,0.696,foliage glean,insectivore,,0.48579,0.47869
296,6800,MacGillivray's Warbler,150,6.264075339,0.796856972,0.500528542,Med,10,1,-0.5,B,261,2631642.578,6.420226904,0.57465,0.53432,193,neotrop,migrant,2.58587855,2.58587855,30,6.04260779,0.691474001,0.4,0.493,0.54,foliage glean,insectivore,,0.42535,0.46568
297,6810,Common Yellowthroat,715,11.17657588,1.048308771,0.793883964,High,10.58,1.024485668,-0.4,Y,1711,11282148.95,7.052391829,0.57776,0.55984,1435,neotrop,migrant,2.358287676,2.29508827,39,0.863692569,0.491252122,0.808,0.898,0.926,foliage glean,insectivore,,0.42224,0.44016
298,6830,Yellow-breasted Chat,515,7.76625619,0.890211713,0.543534441,Med,26.5,1.423245874,0,Y,701,6148136.484,6.7887435,0.50533,0.49667,522,neotrop,migrant,2.496949234,2.449468397,34,3.877116967,1.514439484,0.456,0.604,0.682,foliage glean,insct/om,,0.49467,0.50333
299,6840,Hooded Warbler,335,3.743625009,0.57329234,0.35810346,Med,10.75,1.031408464,0.7,B,364,2007056.572,6.302559614,0.47438,0.45617,226,neotrop,migrant,1.047694901,1.047694901,9,4.457131599,0.946844037,0.4,0.558,0.603,foliage glean,insectivore,,0.52562,0.54383
300,6850,Wilson's Warbler,128,6.519428999,0.81420956,0.427597076,Med,7.5,0.875061263,-1.6,B,268,7924272.244,6.898959388,0.50435,0.50872,185,neotrop,migrant,1.793975974,1.793975974,27,4.077465074,0.867443808,0.422,0.664,0.758,foliage glean,insectivore,,0.49565,0.49128
301,6860,Canada Warbler,159,2.056730402,0.313177368,0.185361989,Low,11,1.041392685,-2,Y,120,2759370.52,6.44081002,0.45989,0.45648,53,neotrop,migrant,0.801089083,0.801089083,5,2.586435916,0.160740776,0.245,0.478,0.604,hover/glean,insectivore,,0.54011,0.54352
302,6870,American Redstart,511,6.017198347,0.779394328,0.46964011,Med,9,0.954242509,-0.6,Y,629,6658042.054,6.823346534,0.49879,0.48681,453,neotrop,migrant,1.739958017,1.739958017,23,1.771554433,0.346476864,0.427,0.554,0.62,hover/glean,insectivore,,0.50121,0.51319
303,6880,Painted Redstart,17,3.09949495,0.491290933,0.396746036,Low,8,0.903089987,,,6,1126860.339,6.051870094,0.08383,0.32409,3,neotrop,migrant,2.805478275,2.034312819,17,7.724878064,0.038392855,0.176,0.176,0.176,foliage glean,insectivore,,0.91617,0.67591
304,6882,House Sparrow,811,31.22503644,1.494502954,1.059956232,High,27.75,1.443262987,-2.6,Y,1650,23324193,7.367806626,0.34349,0.32583,1498,resid,resid,2.914661323,2.603647599,39,0.457469142,0.63021288,0.734,0.82,0.859,ground glean,insct/om,,0.65651,0.67417
305,6883,Eurasian Tree Sparrow,12,2.679703116,0.428086681,0.309447441,Low,22,1.342422681,4.7,Y,16,43476.83219,4.638257893,0.1111,0.22949,12,resid,resid,0.601847595,0.601847595,2,2.002506836,0.002059415,0.5,0.75,0.917,ground glean,insct/om,,0.8889,0.77051
306,6900,Red-faced Warbler,12,6.657575758,0.823316117,0.548134232,High,10,1,,,5,393792.1619,5.595267068,0.29609,0.31564,4,neotrop,migrant,2.02166725,1.905401811,10,8.3771507,0.107362724,0.25,0.333,0.333,foliage glean,insectivore,,0.70391,0.68436
308,6970,American Pipit,58,3.842283951,0.584589457,0.294239475,Med,21.5,1.33243846,,,5,5430764.961,6.734861007,0.30769,0.27745,2,neotrop,migrant,1.922995688,1.922995688,33,9.847776315,0.632122536,0.017,0.017,0.034,ground glean,insectivore,,0.69231,0.72255
309,7000,Sprague's Pipit,41,6.174253968,0.79058449,0.368788227,Med,25,1.397940009,-4.4,B,49,1157705.89,6.063598243,0.45353,0.42609,30,short,migrant,0.685216085,0.685216085,7,6.24643704,0.091361936,0.244,0.293,0.439,ground glean,insectivore,,0.54647,0.57391
310,7020,Sage Thrasher,117,14.76357192,1.169191444,0.751884244,High,43.5,1.638489257,-0.8,B,151,1752305.837,6.243609908,0.56155,0.53738,124,short,migrant,2.022443733,2.022443733,15,10.25227511,0.282004067,0.41,0.53,0.573,ground glean,insectivore,,0.43845,0.46262
311,7030,Northern Mockingbird,779,20.60266086,1.313923314,0.925557798,High,49,1.69019608,-0.6,Y,1194,10141030.42,7.006082085,0.59681,0.5818,1022,resid,resid,2.799610559,2.597744049,38,3.558574725,1.169980826,0.528,0.597,0.646,ground glean,insectivore,,0.40319,0.4182
312,7040,Gray Catbird,636,6.703587331,0.826307272,0.53166931,Med,37,1.568201724,-0.1,Y,1163,6814322.318,6.833422672,0.5325,0.53829,870,neotrop,migrant,1.773097,1.773097,23,1.02065407,0.312578421,0.682,0.84,0.874,ground glean,insct/om,,0.4675,0.46171
313,7050,Brown Thrasher,589,4.041785119,0.606573221,0.442535202,Low,69,1.838849091,-1.2,Y,1131,5671033.561,6.753662217,0.55522,0.53818,818,short,migrant,1.373960302,1.373960302,18,1.566005782,1.197286772,0.716,0.878,0.925,ground glean,omnivore,,0.44478,0.46182
315,7070,Curve-billed Thrasher,33,4.152417027,0.618300963,0.27274648,Low,79,1.897627091,-1.2,Y,59,2015441.79,6.304370259,0.53679,0.5158,38,short,migrant,2.471693946,2.102870536,19,9.367458681,0.490721778,0.455,0.727,0.879,ground glean,insectivore,,0.46321,0.4842
316,7080,Bendire's Thrasher,27,1.898939099,0.278511037,0.184777672,Low,62,1.792391689,-5.3,Y,11,774979.7247,5.88929034,0.33527,0.33856,5,short,migrant,2.356773013,2.218776268,16,12.36917548,0.259241532,0.111,0.37,0.407,ground glean,insectivore,,0.66473,0.66144
317,7100,California Thrasher,16,3.56543514,0.55211254,0.295264117,Low,84,1.924279286,-1.9,B,25,167310.3485,5.223522804,0.46854,0.51337,18,resid,resid,1.882090841,1.882090841,13,5.440186768,0.198791242,0.438,0.438,0.5,ground glean,insectivore,,0.53146,0.48663
319,7120,Crissal Thrasher,22,1.720026455,0.235535127,0.125694982,Low,63,1.799340549,1.2,Y,15,1011858.888,6.005119951,0.16155,0.29032,5,resid,resid,1.81400967,1.705921104,20,12.69391665,0.399966467,0.273,0.591,0.864,ground glean,insectivore,,0.83845,0.70968
320,7130,Cactus Wren,36,12.68930325,1.103437776,0.682886007,High,39,1.591064607,-2.6,B,86,1849178.701,6.266978882,0.55181,0.5394,69,resid,resid,2.402456188,2.197469751,26,11.45492416,0.441805607,0.722,0.806,0.833,ground glean,insectivore,,0.44819,0.4606
321,7150,Rock Wren,208,4.42584631,0.645996329,0.361931951,Med,17,1.230448921,-1.9,Y,246,5421941.675,6.734154841,0.45733,0.43999,195,short,migrant,2.89101313,2.659928461,34,8.120001094,0.75250512,0.327,0.548,0.649,ground glean,insectivore,,0.54267,0.56001
322,7170,Canyon Wren,165,1.703447293,0.231328701,0.134553644,Low,13,1.113943352,-2.8,Y,63,4298692.702,6.6333364,0.40249,0.3943,25,resid,resid,2.980352729,2.74025138,31,5.968899111,0.911310131,0.115,0.224,0.261,ground glean,insectivore,,0.59751,0.6057
323,7180,Carolina Wren,405,13.30076938,1.123876763,0.833575115,High,19,1.278753601,0.9,Y,888,3218028.633,6.507589904,0.65138,0.62697,725,resid,resid,1.728398495,1.537257686,16,5.488274952,0.752359057,0.807,0.899,0.923,ground glean,insectivore,,0.34862,0.37303
324,7190,Bewick's Wren,140,6.930056022,0.840736745,0.4913148,Med,10,1,-0.2,Y,271,3303112.786,6.518923403,0.52104,0.49565,194,short,migrant,2.974977879,2.878274257,34,3.411040057,0.887121255,0.421,0.607,0.664,ground glean,insectivore,,0.47896,0.50435
325,7210,House Wren,612,8.715260322,0.940280364,0.654990592,Med,10.5,1.021189299,0.5,Y,1240,25185817.46,7.401156051,0.54231,0.53662,979,neotrop,migrant,2.627623036,2.233838349,36,0.69403224,1.306981107,0.714,0.845,0.886,ground glean,insectivore,,0.45769,0.46338
326,7220,Winter Wren,280,7.908015781,0.898067527,0.483604147,Med,10,1,2.2,Y,377,5143776.486,6.711282089,0.53256,0.5165,292,short,migrant,1.899492338,1.899492338,25,4.736138534,1.922129381,0.414,0.55,0.589,ground glean,insectivore,,0.46744,0.4835
327,7240,Sedge Wren,162,4.658284435,0.668226003,0.373469207,Med,9,0.954242509,1.9,Y,150,6594398.888,6.819175214,0.35175,0.34195,125,short,migrant,1.32355289,1.00629258,9,3.998257099,0.31709376,0.272,0.506,0.599,ground glean,insectivore,,0.64825,0.65805
328,7250,Marsh Wren,465,4.683241386,0.670546543,0.367730163,Med,11.75,1.070037867,3.3,Y,158,4845111.7,6.685303794,0.21,0.19659,97,short,migrant,2.138458615,2.117562533,31,1.259024811,2.046173846,0.08,0.159,0.194,ground glean,insectivore,,0.79,0.80341
329,7260,Brown Creeper,373,1.950320953,0.290106087,0.175796323,Low,8,0.903089987,0.4,Y,220,6530049.909,6.814916501,0.50848,0.52365,106,short,migrant,2.733635542,2.55006981,36,2.331020079,1.329797246,0.172,0.346,0.399,bark glean,insectivore,,0.49152,0.47635
330,7270,White-breasted Nuthatch,721,3.00705396,0.478141221,0.320511244,Low,21,1.322219295,2,Y,931,8608157.338,6.934910196,0.49428,0.48527,620,resid,resid,2.538166922,2.449991408,37,0.298841579,1.157398136,0.479,0.675,0.717,bark glean,insectivore,,0.50572,0.51473
331,7280,Red-breasted Nuthatch,354,4.931821454,0.693007345,0.426407181,Med,10,1,1.5,B,556,7122201.57,6.852614261,0.55813,0.5188,424,short,migrant,2.228749621,2.228749621,33,2.784074169,1.159722652,0.41,0.59,0.658,bark glean,insectivore,,0.44187,0.4812
332,7290,Brown-headed Nuthatch,110,3.205764476,0.505931612,0.375996665,Med,10,1,-1.4,B,158,941956.4317,5.974030816,0.31495,0.29116,91,resid,resid,1.127825929,1.122097575,7,7.710200272,0.234353991,0.436,0.673,0.718,bark glean,insectivore,,0.68505,0.70884
333,7300,Pygmy Nuthatch,115,5.413274754,0.733460071,0.478836162,Med,11,1.041392685,0.4,B,61,1953051.208,6.29071363,0.35353,0.31894,47,resid,resid,2.825578653,2.694099542,27,6.292457792,0.814490128,0.104,0.174,0.226,bark glean,insectivore,,0.64647,0.68106
334,7310,Tufted Titmouse,439,11.76243616,1.070497279,0.894053071,High,22,1.342422681,0.9,Y,1069,2968700.561,6.472566395,0.57494,0.574,858,resid,resid,1.181354906,1.181354906,10,2.971241218,0.753109202,0.904,0.936,0.948,foliage glean,insectivore,,0.42506,0.426
335,7330,Oak Titmouse,13,12.67908886,1.103088046,0.637505003,High,18.25,1.261262869,-1.4,B,56,173893.8664,5.240284264,0.51878,0.5553,39,resid,resid,1.967908051,1.967908051,12,5.377123992,0.296572145,0.615,0.692,0.846,foliage glean,insectivore,,0.48122,0.4447
336,7331,Juniper Titmouse,53,2.948541667,0.469607269,0.286995803,Low,18.25,1.261262869,0.7,Y,39,1060619.915,6.025559778,0.46255,0.39413,26,resid,resid,2.09736059,2.076794383,17,9.211865755,0.219187092,0.17,0.321,0.377,foliage glean,insct/om,,0.53745,0.60587
338,7350,Black-capped Chickadee,495,7.433137517,0.871172168,0.621792059,Med,11,1.041392685,1.3,B,954,8791416.628,6.944058862,0.51641,0.48288,757,resid,resid,2.022495883,2.022495883,22,1.246585051,0.46827529,0.659,0.772,0.816,foliage glean,insectivore,,0.48359,0.51712
339,7360,Carolina Chickadee,255,8.659627534,0.937499213,0.755720621,Med,11,1.041392685,-0.7,B,712,2238037.319,6.349867324,0.50295,0.48685,567,resid,resid,1.444162457,1.444162457,10,4.147259975,0.547917033,0.867,0.922,0.929,foliage glean,insectivore,,0.49705,0.51315
340,7380,Mountain Chickadee,139,9.540734001,0.979581788,0.635587965,High,11.75,1.070037867,-0.8,B,243,2690488.566,6.429831151,0.55393,0.51792,205,resid,resid,2.502088413,2.502088413,27,7.338666386,0.660939916,0.417,0.496,0.547,foliage glean,insectivore,,0.44607,0.48208
342,7400,Boreal Chickadee,84,2.254266247,0.353005208,0.220819107,Low,10,1,-3.2,Y,84,7068758.078,6.849343119,0.43443,0.4273,54,resid,resid,1.343468619,1.343468619,18,4.798456272,0.997144792,0.226,0.429,0.512,foliage glean,insectivore,,0.56557,0.5727
343,7410,Chestnut-backed Chickadee,64,9.568316413,0.980835528,0.74630183,High,10,1,-0.6,B,110,955053.9266,5.980027894,0.50744,0.46933,99,resid,resid,2.363901455,2.363901455,18,8.345366743,1.281300137,0.422,0.516,0.531,foliage glean,insectivore,,0.49256,0.53067
344,7420,Wrentit,22,11.71578413,1.068771361,0.66957125,High,15,1.176091259,-1.1,B,75,262112.5662,5.418487842,0.51374,0.4947,51,resid,resid,2.057049264,2.057049264,12,6.19230182,0.368605755,0.5,0.591,0.636,foliage glean,insectivore,,0.48626,0.5053
345,7430,Bushtit,93,6.315240655,0.800389905,0.590197869,Med,5,0.698970004,-1.7,B,124,2161654.241,6.334786229,0.27932,0.28818,92,resid,resid,3.057657042,2.813291599,30,3.887148271,0.683303554,0.258,0.419,0.505,foliage glean,insectivore,,0.72068,0.71182
346,7460,Verdin,33,8.703962375,0.939717005,0.592363005,High,7,0.84509804,-4.9,B,61,1756208.589,6.244576097,0.5462,0.55468,51,resid,resid,2.33057831,2.157252576,25,11.46336115,0.507364369,0.697,0.727,0.727,foliage glean,insectivore,,0.4538,0.44532
348,7480,Golden-crowned Kinglet,307,4.672542951,0.669553302,0.438647532,Med,6.25,0.795880017,-1.2,Y,323,6254316.053,6.796179824,0.48853,0.46185,191,short,migrant,2.241003271,2.196419978,31,3.95215592,1.327840209,0.261,0.41,0.463,foliage glean,insectivore,,0.51147,0.53815
349,7490,Ruby-crowned Kinglet,249,9.125499381,0.96025664,0.621450063,High,7,0.84509804,-0.8,Y,396,9226215.726,6.965023605,0.53376,0.53474,293,short,migrant,2.068246241,2.068246241,33,4.652119373,1.44859251,0.329,0.41,0.454,foliage glean,insectivore,,0.46624,0.46526
350,7510,Blue-gray Gnatcatcher,542,5.231173762,0.718599146,0.482237314,Med,6,0.77815125,0.7,B,822,6585143.843,6.818565266,0.50647,0.47324,598,neotrop,migrant,2.83968922,2.505388176,35,2.55139806,1.816567859,0.485,0.668,0.751,foliage glean,insectivore,,0.49353,0.52676
351,7520,Black-tailed Gnatcatcher,20,7.011335404,0.845800743,0.476523222,Med,5,0.698970004,-2.8,B,32,1108857.966,6.044875921,0.56973,0.57528,21,resid,resid,2.010487142,1.94042341,18,13.411497,0.476056118,0.45,0.6,0.65,foliage glean,insectivore,,0.43027,0.42472
352,7540,Townsend's Solitaire,136,2.378184675,0.376245576,0.242800495,Low,34,1.531478917,-1,Y,148,3566417.684,6.552232205,0.51686,0.49659,95,short,migrant,2.716342212,2.707275285,29,6.44681637,0.822590642,0.184,0.324,0.434,hawks,insectivore,,0.48314,0.50341
353,7550,Wood Thrush,490,7.473629037,0.873531537,0.636853609,Med,47,1.672097858,-1.8,Y,939,3490882.819,6.542935271,0.46975,0.46767,724,neotrop,migrant,1.020115901,1.020115901,10,1.895239164,0.42945037,0.761,0.892,0.922,ground glean,insectivore,,0.53025,0.53233
354,7560,Veery,317,7.74471376,0.889005371,0.584235282,Med,31,1.491361694,-1.4,Y,491,3672078.989,6.564912015,0.43331,0.43494,411,neotrop,migrant,1.775821875,1.775821875,17,2.144091534,0.289705173,0.539,0.662,0.713,ground glean,insectivore,,0.56669,0.56506
355,7570,Gray-cheeked Thrush,21,9.034484563,0.95590338,0.53246145,High,33,1.51851394,,,41,4139423.663,6.616939878,0.4398,0.43331,29,neotrop,migrant,1.267996253,1.267996253,7,11.40970053,0.520741779,0.381,0.714,0.905,ground glean,insectivore,,0.5602,0.56669
356,7571,Bicknell's Thrush,12,1.666666667,0.22184875,0.144366147,Low,33,1.51851394,,,1,133586.5904,5.125762865,,,0,neotrop,migrant,0.850436169,0.850436169,4,5.164850725,0.011927512,0,0,0,ground glean,insectivore,,1,1
357,7580,Swainson's Thrush,193,18.60565633,1.269644995,0.835516325,High,31,1.491361694,-0.5,Y,458,7531884.768,6.876903667,0.529,0.508,370,neotrop,migrant,1.895675635,1.895675635,29,3.839199171,0.584531802,0.544,0.648,0.684,foliage glean,insectivore,,0.471,0.492
358,7590,Hermit Thrush,350,9.1137965,0.959699327,0.620404293,High,31,1.491361694,1.3,B,597,8355210.34,6.921957388,0.47361,0.46213,518,short,migrant,2.225788626,2.225788626,34,2.462527232,0.712570889,0.483,0.626,0.657,ground glean,insectivore,,0.52639,0.53787
359,7610,American Robin,793,37.11890607,1.569595169,1.311820422,High,77,1.886490725,0.6,B,2199,16414385.72,7.215224635,0.59204,0.58533,1978,short,migrant,2.534990241,2.476955076,42,0.382260359,0.66658442,0.908,0.937,0.945,ground glean,insct/om,,0.40796,0.41467
360,7630,Varied Thrush,91,13.41382382,1.127552598,0.726182661,High,78,1.892094603,-0.4,Y,157,3299829.449,6.518491494,0.4313,0.4164,123,short,migrant,2.219245957,2.219245957,22,7.188458665,1.224549813,0.396,0.571,0.648,ground glean,insct/om,,0.5687,0.5836
362,7650,Northern Wheatear,21,1.616666667,0.208620484,0.181780314,,25.5,1.40654018,,,,2265093.782,6.355086188,,,,neotrop,migrant,1.546665891,1.546665891,8,21.55702112,0.268866121,0,0.048,0.048,ground glean,insectivore,,1,1
363,7660,Eastern Bluebird,529,6.32957142,0.801374305,0.596595851,Med,32,1.505149978,2.4,Y,1173,5456647.8,6.736925923,0.45128,0.44572,902,short,migrant,1.915804231,1.622154699,19,2.391624807,0.88002471,0.828,0.932,0.958,hawks,insectivore,,0.54872,0.55428
364,7670,Western Bluebird,92,4.397081943,0.643164559,0.421916421,Med,28,1.447158031,-0.8,B,119,1779753.522,6.250359861,0.38366,0.34477,99,short,migrant,2.885643472,2.762783214,29,4.6245175,0.762182329,0.272,0.37,0.435,hawks,insectivore,,0.61634,0.65523
365,7680,Mountain Bluebird,185,5.135467358,0.710579973,0.466948927,Med,30,1.477121255,1.6,B,269,4363202.581,6.639805378,0.46871,0.41847,218,short,migrant,2.327875768,2.327875768,27,7.374983451,0.875377756,0.362,0.541,0.649,swoops,insectivore,,0.53129,0.58153
366,22860,Eurasian Collared-Dove,61,6.601706137,0.819656189,0.495905265,Med,148.25,2.170994702,35.7,R,134,463505.9804,5.666055342,0.28582,0.25673,145,resid,resid,1.277750906,1.092640364,14,10.8854147,0.441991907,0.59,0.738,0.738,ground glean,granivore,,0.71418,0.74327
