"stateroute","ndvi_v","elev_v","prec_v","temp_v"
2001,168170.030956845,13312.1500868243,0.00880646981705943,2.39298123181589
2010,109899.309073042,26418.7021258569,0.0111021607658273,3.41886056541023
2014,139773.458589108,21078.2513419144,0.0103376083406106,3.02888393296416
2021,215645.536328151,15989.7953680073,0.0103444796142963,3.14619223446466
2022,212066.934524721,23928.5933350828,0.0114551805259975,3.60185870013349
2024,175131.116137505,23303.9228104348,0.0130843532445828,3.65757624033797
2025,128044.760925911,22515.2283995705,0.0113034956033947,3.35194767874591
2029,143116.768273822,26747.4487417847,0.0131993597684989,4.36859897700071
2043,143529.936299445,22237.7601479393,0.0107870466792474,3.17436807998971
2045,172781.544768617,14220.034206367,0.00818825530412675,2.65160806713085
2047,237555.716883989,15039.0309630148,0.010119315488865,3.05111451881365
2050,202519.191963356,23335.9163028843,0.0126194507777753,3.56183019799648
2057,158646.616848444,20254.1143676871,0.00884790068241275,2.78483342572804
2059,172229.402781778,14044.3243473298,0.00948939802991303,2.63246625526981
2060,147922.335169969,21772.618149095,0.0103621058981969,3.04325818052633
2063,214823.02391017,15842.8661787261,0.0104683983821573,3.25506007017489
2065,102015.701601996,27718.7061759833,0.0127213824732891,3.72811730387989
2072,176861.37032901,20470.7113831143,0.00928379418609705,2.55734171779204
2105,118906.370987725,24324.9127012893,0.00838686689978206,3.06782236741955
2109,115606.119346035,24301.14004725,0.0086928749210904,3.04677277692397
2111,115857.883935641,26837.3929395911,0.0102960872741866,3.10743488474653
2156,111972.437966298,21193.0632522486,0.0110834161366522,3.11650662571266
2164,101609.885312698,22261.2852506752,0.0117684589257517,3.35172005686527
2204,112765.122431072,30108.9733588392,0.00812996360594029,3.19513415514043
2205,162064.932714858,10160.3532611196,0.0094777907912275,2.55780845358042
2211,175664.28754825,22816.3716272089,0.0121725199306815,3.51769825282771
2212,121524.182010852,35332.0296776268,0.0128391592305213,4.09019253812131
2213,247008.405570758,8395.8435347026,0.00934822776466968,2.42880804751027
2750,117190.188257164,24296.8653174931,0.00792833284375024,3.06717776467302
2751,118352.290284598,25068.8821470531,0.00997134441223003,3.20411351710699
3004,NA,146763.044891778,0.435297270040052,28.1803279987453
3007,NA,134855.481751244,0.462807556739916,29.2127807664405
3008,NA,146763.044891778,0.435297270040052,28.1803279987453
3010,NA,146763.044891778,0.435297270040052,28.1803279987453
3011,NA,136099.949203517,0.462966577564186,29.0951468989039
3021,NA,136099.949203517,0.462966577564186,29.0951468989039
3041,NA,146763.044891778,0.435297270040052,28.1803279987453
3051,NA,134535.212636379,0.47178962049896,29.7976652922173
3117,NA,134576.643097698,0.470413887869251,29.9809260119595
3118,NA,136903.674053089,0.491264718091817,30.9497936147116
3119,NA,136903.674053089,0.491264718091817,30.9497936147116
3125,NA,137298.165978971,0.470002958706129,29.9851524039247
3142,NA,146763.044891778,0.435297270040052,28.1803279987453
3192,NA,149685.414935623,0.521604616542137,32.4029811570841
3224,NA,149824.681886115,0.499515941319668,18.9945855253001
3318,NA,136903.674053089,0.491264718091817,30.9497936147116
3319,NA,140237.876496295,0.49565347365315,32.1244931485139
3321,NA,137298.165978971,0.470002958706129,29.9851524039247
3372,NA,141681.572654128,0.435430004005887,26.9476356152858
3403,NA,146763.044891778,0.435297270040052,28.1803279987453
3404,NA,146974.238493551,0.435362066388661,27.6647539833773
3408,NA,141681.572654128,0.435430004005887,26.9476356152858
3409,NA,141681.572654128,0.435430004005887,26.9476356152858
3418,NA,149053.220765586,0.463007439899919,28.8886198629692
3419,NA,146763.044891778,0.435297270040052,28.1803279987453
3420,NA,146763.044891778,0.435297270040052,28.1803279987453
3423,NA,134535.212636379,0.47178962049896,29.7976652922173
3883,NA,134535.212636379,0.47178962049896,29.7976652922173
4002,1074354.32068883,261204.84904791,0.0166777632642,4.86764446402872
4003,1324069.2060795,241449.971201904,0.019053535185934,4.85441351885563
4004,1013455.96572373,248584.119550968,0.0511348453550054,5.30481371285711
4010,1020248.48819593,202922.54678529,0.0537189801658444,4.82858698650522
4022,1054199.22299395,158031.379451859,0.0522054178312464,5.08273382473878
4028,1030933.64602566,157200.133664027,0.0369535685759359,4.83219992532436
4040,1216542.92133093,135183.221284426,0.10113349796841,5.69368038499026
4055,1229431.54066367,147242.47468038,0.331171045410172,6.91511753064397
4063,1132930.27745809,138679.892678157,0.231032437484425,6.59088714911455
4105,1158069.40740284,232190.076832457,0.0490441756431883,5.13921020615313
4115,1018757.00518005,164619.278328621,0.0526264423098168,4.99932073358972
4128,1023705.53920481,150795.840569214,0.029039081992995,4.4863861600223
4204,1087620.87377364,232890.051216769,0.0328367526414759,4.72203225509829
4213,977031.837892376,226286.856483787,0.0273963160275584,4.85488192237688
4229,1163090.62377068,151893.649314024,0.0818575796152536,5.49539277647468
4302,1068067.9460981,253081.848140666,0.0167936678384039,4.86478844894483
4304,1013455.96572373,248584.119550968,0.0511348453550054,5.30481371285711
4928,1025119.46399447,140832.149665826,0.036798617461575,4.77805859864709
6012,2298012.19780822,552528.763441855,0.0654976755726593,26.2165130757679
6014,1467899.12636204,498941.784757298,0.0181220535514696,30.3728855810954
6018,1694662.77388762,507696.209748782,0.0383011158754688,24.8978722533978
6024,1613177.25827482,521958.847861601,0.0381225802550176,23.952939799016
6032,954392.978588758,420182.811178837,0.0134778327547143,24.1486541891708
6069,1318868.22979814,449914.665500401,0.0196016421016137,25.9174922724801
6071,1188841.65469226,482593.721241112,0.0164666033970651,29.1622796937313
6074,1613177.25827482,521958.847861601,0.0381225802550176,23.952939799016
6078,950725.97725107,421053.424845331,0.0135541991044173,23.7094680527891
7004,433932.547397148,13445.9339835662,0.0256132106368409,3.95148645396477
7005,560799.735325892,14496.8130307188,0.0320472345490419,4.26767191228498
7008,207450.163906825,9837.62356645457,0.0169125824716114,2.2143572362737
7010,165015.025555343,11583.5913631511,0.0161896259875875,3.35823514885028
7015,934997.908095213,16450.5600389862,0.0372456964828859,3.63122616836137
7019,263516.738747572,8530.55323350786,0.0204582079743595,2.1157907741959
7020,386402.4668113,10464.5825892643,0.0195701698729369,2.6903507126672
7023,452702.121794855,10928.4723263641,0.0218190496847594,2.43864129633433
7024,920190.624690742,15375.7572303247,0.0340988311348115,3.8489084124429
7027,263545.91284077,8543.50234739328,0.0175482414450412,2.35645087859881
7028,513688.442884004,11313.9429566964,0.0232447813790532,2.58882699739943
7109,221025.953335565,10412.6915618203,0.0149484308117785,2.73596341243631
7111,347856.201326299,11479.9966332738,0.0186135026541822,3.28467370249081
7901,610694.016544074,13006.7817915812,0.0262633466493514,3.19128688099499
7902,757863.654607593,12272.0417738716,0.0264721791093929,2.89430699176686
11003,1033951.54831496,234010.938759883,0.105538672933355,5.38972604744018
11033,1225739.02292715,160529.202694687,0.378386752875807,7.60874921313059
11045,1239498.1269004,156911.175880873,0.376466674626273,7.69962779568911
11074,1235909.12030805,143644.652227613,0.335005179972616,6.98395457593204
11081,NA,168521.776964339,0.485243953361266,10.1983991098978
11085,1309000.23687582,148659.920841951,0.414412201622324,7.28824775295343
11126,1423836.79861687,168783.859060982,0.385649485885117,8.15216932519026
11208,1366140.05953732,189993.219290981,0.392862892427446,6.59047046904355
11222,1200149.9543025,163636.864735802,0.389638706473988,8.08135479247256
11223,1406075.24495248,169060.406812387,0.387853891638075,7.86571506103661
11234,1277062.54584881,156996.667980878,0.380300306163918,7.60673866294495
11244,1323985.97637244,155693.345247027,0.383567677915223,7.60070056411728
11255,1326469.19971603,154536.106920417,0.406633713823676,7.68775832594354
11402,1891833.39887492,202282.310992191,0.393662503273327,6.68625385598498
11413,1823504.17072934,184376.80026643,0.384095391568597,7.84404689360072
11608,1383200.01569068,203665.927601767,0.39239023194642,6.52424796528877
14005,2774107.28180111,310414.69314391,0.341223222184479,10.1301451758329
14006,2774107.28180111,310414.69314391,0.341223222184479,10.1301451758329
14014,3546664.23142984,312728.974866513,0.284969462552825,11.4006452891341
14016,3732411.91743402,319356.13196707,0.220640740236437,15.8980616103095
14018,3511868.38370336,399415.747830486,0.190703529970784,14.9247524964627
14021,3892558.40190998,383837.355611892,0.202096302684915,19.9370535584418
14059,3549304.44004438,542495.296938185,0.160546912548837,21.6493861215566
14071,3705306.97610137,314135.775362257,0.254133476117229,14.3298619798781
14080,3261188.90372091,328940.566033466,0.294991049332206,10.4947585385381
14082,3377741.85558745,371934.16480846,0.18628979454904,13.4963108707411
14083,3804630.70523023,318686.706677246,0.251221630215611,15.7628625804108
14089,2068161.88349495,492463.345079123,0.0695475048419879,20.670073908783
14098,3582207.81853589,324887.720948357,0.216999854382313,14.7796232743044
14106,2524383.062784,566941.962464623,0.0922285854451757,19.7820772370979
14108,3973279.67633304,425453.097114252,0.205185251473205,20.7793332778003
14140,3925506.0174404,469155.791870176,0.185051872368927,21.8227790919911
14153,3468429.69923836,323118.880316163,0.212669970978148,13.2347826513258
14155,3892558.40190998,383837.355611892,0.202096302684915,19.9370535584418
14156,3946386.2531401,430806.731322189,0.202837250008612,19.8470808882272
14160,3282885.70346116,326699.010398525,0.292186519321247,10.0301510507406
14175,2332028.38575816,350975.042874449,0.272753972836336,11.5656351532154
14182,3047193.7612369,321279.527602335,0.286065134119774,10.3098364774255
14186,3607843.85987886,307043.715877692,0.266088140409628,12.8499056167393
14188,3463852.51311266,325219.503209533,0.212015801762139,12.8844923381862
14189,3957230.38007101,363432.460201277,0.229456531464556,19.8492442692402
14190,3622324.73001417,374151.27021686,0.193456126984331,16.2256150711286
14193,3705306.97610137,314135.775362257,0.254133476117229,14.3298619798781
14198,2408700.60489521,323364.750153844,0.328366665387437,10.3418732895525
14419,3463852.51311266,325219.503209533,0.212015801762139,12.8844923381862
14420,3463852.51311266,325219.503209533,0.212015801762139,12.8844923381862
14422,4014308.8075417,444367.322140508,0.204989781623119,19.5751547417463
14434,3622324.73001417,374151.27021686,0.193456126984331,16.2256150711286
14435,2774107.28180111,310414.69314391,0.341223222184479,10.1301451758329
14907,2267905.06751441,568496.915497128,0.0787703685328986,21.3596339839484
17004,968140.741669849,406436.408228264,0.00871348136853208,11.0045042648237
17009,1370031.3135856,222185.758748123,0.0109003021355117,8.74213071439168
17011,1073884.08939968,362846.992183089,0.00883513036968228,11.9062447990348
17012,870364.776385373,420238.149117248,0.00773935452640146,12.7572659680662
17013,900019.253450611,496120.777054502,0.0089469155344738,13.347501576508
17017,1338263.83590096,266179.293618725,0.0103508345575372,11.2541044082995
17019,886822.855024106,441902.94148971,0.00813216136356163,13.8585750756167
17031,1407875.02569574,209688.035278775,0.0108987318311019,8.45959363375938
17037,953331.789078436,648171.220117112,0.0167522672940472,14.6853743624567
17040,1205766.82451955,309895.348561412,0.00997730880880494,10.1862910833931
17044,905597.800524436,698392.055433814,0.0200647302021946,16.5075822508776
17046,1345568.7009964,256907.53524574,0.0103860814904785,11.190847117595
17047,1345127.46484635,267435.134024722,0.00984613696577644,11.8635521799384
17052,1494769.59893622,190541.284579402,0.0107403727857292,10.9990213341251
17055,1332804.52966448,312006.201829229,0.00886452082717341,16.7886777530388
17202,1185600.54013829,294175.455742603,0.00979378803429868,9.25770892785603
17203,1212436.37235505,310170.286960779,0.01004179274244,9.16826140293413
17207,996224.991949903,714476.611691431,0.0201461093172355,14.9017359146402
17209,1360589.75198544,217167.886722323,0.0107928928211441,8.39361284575681
17217,1351079.83062094,281821.752769988,0.0104033424835333,11.3993613251666
17221,952070.398213404,767232.909997973,0.0199837736883108,21.7362104796177
17222,1494769.59893622,190541.284579402,0.0107403727857292,10.9990213341251
17228,1104459.0829882,759465.361068475,0.02576653658496,22.6041847778419
17301,1455026.38225058,216850.294315702,0.0108335892379875,8.59051364491143
17302,1312956.04594672,231306.66469539,0.0103706896444496,8.29676966582223
17303,1177343.90716583,292619.387971169,0.00975657074791863,8.87688510936967
17305,861454.585102862,486563.936428768,0.00850047141054405,10.8371814631954
17309,1313328.35930735,236406.820779369,0.0107370467011667,9.16375433337096
17312,833115.017427106,447989.302486901,0.00770991770926766,12.5747176883378
17315,1576847.54872539,200336.885028829,0.0114448309802024,10.8706374100866
17318,1225089.03176444,345819.811294285,0.00931735153997868,13.1368441918411
17322,1621961.70960482,192920.607629679,0.0116383298127158,11.4758682397748
17359,1369498.22121654,217722.714700262,0.0108708165277265,8.37285177642991
17362,910261.449926069,400653.422724278,0.00794529532012635,12.8648626910357
17367,1408688.77029452,248349.360487514,0.0100907893629014,12.0406488426985
17372,1598338.1608976,187391.840495963,0.0112648091055073,12.1844849036663
17900,885619.774771064,409092.038546476,0.00769044969241899,12.0418092031101
17903,1582236.52208776,190546.175104868,0.0112511423606722,12.9071394642353
18003,231603.06304304,25506.1570017358,0.00668829849730407,4.53505767951019
18008,279275.916908042,24267.7559362858,0.00694568317866717,4.11414770404162
18009,279797.449909664,24421.7939666126,0.00659258702971534,4.03578893791891
18102,237531.005140186,24565.1162849205,0.00674157540039995,4.35026010451463
21001,298191.129325563,23921.2028252049,0.00374723622165643,3.36981906089544
21002,317524.857392669,24865.2670956025,0.00461507188532019,3.52626951503218
21003,290106.977919524,22818.8124400729,0.00318471964853782,2.9359264650981
21004,288787.017996808,22171.36553658,0.00322806566631732,3.01474249394862
21010,270275.527233421,20670.8524813872,0.00330877113416357,3.08549369681584
21105,298191.129325563,23921.2028252049,0.00374723622165643,3.36981906089544
21109,272233.801628651,21331.7004358137,0.00320809383316392,2.9479499283106
25010,383567.115389062,8962.19678267512,0.0105394066140732,6.30809081529165
25014,414930.182425883,8765.91184430451,0.00892887348540338,6.58431989230694
25018,400444.021159194,12560.9983057966,0.00755445895474552,7.18810015968922
25020,407208.384879349,7197.39169405878,0.00955196502461676,6.24602667073798
25021,402023.092422758,12499.8390566223,0.00780362422940161,7.17384299777409
25022,395453.982898108,7054.96697587477,0.00946753148217956,6.24133027522652
25024,387834.375547669,6867.140385388,0.00936281068696084,6.15320493853796
25025,387849.527199955,8695.56763699089,0.00722679504156488,6.66094003924124
25027,407208.384879349,7197.39169405878,0.00955196502461676,6.24602667073798
25028,427970.035298754,6388.74671154511,0.0102789618723949,5.9599499529501
25031,384329.25975335,8498.46821645224,0.00825090499859573,6.54659102329372
25062,380101.967982073,7023.68319522418,0.0108351000225732,5.87273423740538
25063,397409.971331163,8801.76989319566,0.00884373980427433,6.6614910205417
25066,410466.838851499,8755.78936452735,0.01010631910246,6.50269568793947
25067,387849.527199955,8695.56763699089,0.00722679504156488,6.66094003924124
25073,390062.080494386,8523.21672564581,0.0100302969266737,6.46043153582063
25074,384329.25975335,8498.46821645224,0.00825090499859573,6.54659102329372
25081,387834.375547669,6867.140385388,0.00936281068696084,6.15320493853796
25084,418448.933022546,8790.01487610613,0.00992267434950784,6.49512247283062
25086,404855.830628654,6593.39396806555,0.0104901378396678,5.98619006295529
25087,438555.859562282,6406.35011369939,0.0112474244741187,5.8401858093649
25113,397409.971331163,8801.76989319566,0.00884373980427433,6.6614910205417
25129,395453.982898108,7054.96697587477,0.00946753148217956,6.24133027522652
25132,446186.042391307,6613.53798482287,0.0113608647564404,5.92647546378776
25175,387849.527199955,8695.56763699089,0.00722679504156488,6.66094003924124
25916,446186.042391307,6613.53798482287,0.0113608647564404,5.92647546378776
25918,387849.527199955,8695.56763699089,0.00722679504156488,6.66094003924124
25922,407208.384879349,7197.39169405878,0.00955196502461676,6.24602667073798
27010,183260.095639714,25252.7948055936,0.0134182373126153,4.73230745235934
27014,207330.466511137,46339.1866647284,0.0126208636092929,6.02271758779855
27015,163156.033318887,42446.618970957,0.0128476511214259,4.40702023331248
27027,133214.300092597,41635.6698671165,0.0102064563286374,3.99118227507307
27031,193903.544026075,51504.2260107336,0.0128545113985535,5.23470536482092
27033,187468.339348741,37966.9350890658,0.0125038014921545,5.27997897964688
27036,122087.097959807,31302.8400882635,0.00964387344219247,3.50289720803626
27044,155540.695504298,43921.640142947,0.010972361281755,4.28712362409556
27046,166520.024968836,48169.4972854093,0.012951526885816,4.81293135531183
27050,264357.12969157,47498.9657435635,0.0124650970067895,7.29840994954477
27057,350151.268478609,10331.6409282587,0.0108039147424896,6.05211063854431
33002,1257772.84241325,200142.858636133,0.21628687979461,5.45282463255848
33010,1639923.55269455,204458.09120195,0.0197018330104865,5.15865781616032
33014,1633313.16236947,215677.580694611,0.0187103021041006,5.34964340315506
33018,2245667.26026815,218131.849516362,0.100862760333214,5.90834236148124
33020,1928244.50188329,184077.642806554,0.017636458925352,5.38038934443343
33021,1891190.97872569,136150.354845173,0.0153359486864244,5.34991036337798
33022,1623018.30423209,139576.742900004,0.0134193336904531,4.8828652019229
33023,2293943.65182224,187662.631998498,0.107129613050925,5.21865516706878
33025,1819172.9918716,141889.695131511,0.0141672197414621,5.71961501484455
33027,1763239.94894622,145991.450112806,0.0131686834220717,5.46751390405733
33124,1790071.68491751,208464.811675185,0.0200532061656901,5.89309447268993
33128,1626214.06926913,145437.231182792,0.0130139927546237,5.64026661783893
33208,1866843.87110883,181489.224132545,0.143185727934111,4.87265430491791
33211,2074243.21324704,205036.733063972,0.161852262322465,4.89036583162737
33212,1655339.06531346,221877.170030186,0.0512734401612318,5.37424923984554
33217,2375327.40371261,191661.920384638,0.10752460682698,5.66067871702234
33218,1806901.42327202,221735.92163083,0.0259509537551365,5.94218347164751
33219,1793311.35702376,203449.596407958,0.0172221519375526,5.55107211753358
33220,1890784.87751527,203714.462316839,0.017678295960614,5.67213606641296
33221,1736356.00741331,148020.197953307,0.0149282279279929,4.76733923774367
33901,1847534.30874702,140266.514781693,0.0154013108266515,4.94834486117787
33902,1840373.25097345,143982.680326177,0.0155391981278825,5.03373887201418
33903,1728402.31871074,152727.302600679,0.0148833932482952,4.77386843325328
33904,1847534.30874702,140266.514781693,0.0154013108266515,4.94834486117787
33905,1847534.30874702,140266.514781693,0.0154013108266515,4.94834486117787
34001,132837.530488091,3822.97246095853,0.00450493525358328,4.06854580145292
34002,116380.627586574,2634.80732709116,0.00466200495984794,3.39186023219469
34003,112676.655934572,2679.33072992345,0.00463470408367489,3.45997637060098
34020,135400.366717301,3233.90804247659,0.00782990782807551,3.03411206538221
34022,113114.978531554,2533.77613715411,0.00502755406954015,3.12392303748873
34025,108317.567519647,2076.51602372468,0.00557908654446213,2.78417340885598
34027,102374.464114146,1917.97015655563,0.00613557073324718,2.83378011044913
34028,110740.314112297,1972.93086088851,0.00594867796589252,2.60953904289611
34029,99065.5275152199,1675.58426653059,0.00557651786198718,2.70916949942781
34030,109749.721259789,1734.87640943563,0.00824253585320249,2.55853126111611
34031,84560.2202049458,1763.48742262984,0.00663251020143437,2.8408189574707
34032,95551.450422293,1833.06751014266,0.00602697241809991,2.822366547828
34038,144264.419927712,2661.44551413568,0.0099240685628977,2.49676387353589
34041,142529.941908603,2422.66916501323,0.0104094284050716,2.3010504566828
34042,145502.154961318,2412.52082485015,0.0114112311872712,2.24839695871159
34043,139566.101393366,2452.1666147961,0.0102132331629141,2.29459847245349
34044,90790.8428581408,1714.32921338624,0.00942296816367523,2.65797537638638
34046,146698.23497741,1986.04647655585,0.0132659027662988,2.09939211499926
34049,163600.233148753,3154.5239165789,0.0136767478440889,1.88215364926727
34051,170846.853605414,2317.19611071726,0.0128243872918839,1.74764277597144
34052,165099.121635506,2398.04056798137,0.0123112476637738,1.86182843269221
34053,188663.775525887,2345.15832623684,0.0179396969223556,2.04370622708249
34054,237550.586432314,2668.37229626397,0.0177895363985924,1.66424072220652
34055,197908.578596069,2278.33676665287,0.0155139933399395,1.78052226889203
34056,178063.270387413,2047.33480279187,0.0163771154235097,1.79874740547116
34059,249496.16673911,3831.91882469346,0.0229320907815295,1.72602376169495
34060,195086.808952867,3106.91036346443,0.018199203405374,1.98273273247726
34061,251594.44055892,3532.70421229888,0.023812775786215,1.58015933147753
34063,259588.462865976,3954.81307995338,0.0238956443420581,1.4423793314566
34065,118932.08149571,3016.71586733918,0.0042787016260974,3.57544770579778
34066,130631.349053433,2940.60510758612,0.00437181552959606,3.24058205387596
34067,82972.9055943095,2504.57007440893,0.00474416665448911,3.23477201941837
34070,130313.994826797,3428.04886307433,0.00897324125522884,3.00445431208738
34071,114714.756126691,2211.57206868266,0.00550301810406724,2.63720012943627
34074,141452.266714895,3030.76966732696,0.0109398339150833,2.33287843445387
34075,157313.735074378,2537.13514933236,0.0106493280262931,2.27962593606117
34077,141705.874486535,2314.0255770969,0.0150424722417649,1.82601094463646
34079,242488.106143047,2885.75172688105,0.0205531702930661,1.68959051361322
34080,249496.16673911,3831.91882469346,0.0229320907815295,1.72602376169495
35005,138074.720199808,1984.66163834859,0.00695576995278964,2.04915325265263
35009,230244.516128558,1859.53071501151,0.00833972748883466,2.17129939740977
35010,98124.4701648349,1974.76146581772,0.00634247389361119,2.40334772267816
35011,118712.905860447,2006.98037734308,0.00743610945403934,2.32886107401159
35012,121300.565006915,1992.83490158809,0.00722338236096101,2.35344574507407
35013,141247.333237294,2346.85547952016,0.00851454477961346,2.30833230767555
35014,160259.559319709,2265.43069857028,0.0103469719186016,2.34181544929744
35021,149240.943500165,2566.51628850178,0.0154603478067122,1.98879268984599
35035,242651.24085433,3335.4954175023,0.0204431314004536,1.95538492503222
35037,266183.778997505,3484.46059869877,0.0204172730568761,2.19755591729446
35038,307579.383947797,5558.39848700292,0.0223727232719159,2.13141995043195
35042,252215.146292535,3175.97219962298,0.0224020650271987,1.92990245168519
35306,161466.524918884,2337.12182693139,0.0102089074935075,2.26367998485661
35314,276564.695743601,3305.08839820485,0.0206962400459899,1.97895283940088
35315,438157.659490499,7993.33538137626,0.0213922680657708,2.31561924054414
35901,150736.943105272,1302.1935705691,0.00767919727381922,2.58817189941677
35903,110245.01891081,1668.42086164509,0.00628546427281637,2.51227007119876
36001,147400.20251602,3636.02440795008,0.00579698643644765,3.53099366444219
36002,196194.776802103,5672.61609017047,0.00770521181212288,3.4185127072964
36006,111478.74655776,3288.83370245446,0.00484372714621331,3.97544674571844
36013,180573.63071309,7872.2701635108,0.00985008849183036,4.57613164669615
36015,439147.056618118,16869.8249978261,0.0172487648516982,6.24261626370249
36028,628111.905907619,26028.2059517584,0.0242154396004665,7.01746340435879
38006,1748142.14613756,74759.0295263997,0.0656030136357976,3.87936229161684
38007,1731546.83334681,63827.2560327272,0.06259680051876,3.66491227942117
38014,1045589.74741032,24816.7907345697,0.0315375855218215,3.15732526802412
38015,1088872.14988002,23993.092798205,0.0352276241459527,3.31591696071362
38016,1256175.69228993,50246.896751627,0.0416912763313123,3.8296477984403
38017,1248607.6293439,28010.4732593852,0.0440076059449214,3.52495631226623
38019,1507057.8946757,76842.5886838766,0.0475099242008326,3.76245158627364
38021,1853033.62536802,124136.495567878,0.061625261594321,4.27665032517935
38025,1294800.51826582,504229.727057886,0.0446205744574388,10.2762850667502
38026,957656.967492674,25200.8016137845,0.0315921067607517,2.93477734925093
38027,884745.581088617,21014.0814594476,0.0280472197234371,3.16995388411624
38028,1175372.80648654,68962.3716863176,0.0398174457797003,5.05805848307752
38030,1175372.80648654,68962.3716863176,0.0398174457797003,5.05805848307752
38037,1791689.30275466,508201.220470416,0.0595202894172673,9.47186827995536
38105,1327677.84042926,31127.1823002917,0.0488490429283036,3.1721381207401
38118,1552661.71625011,75810.8162065445,0.052844170775902,4.17124185960349
38302,1075044.71377039,15420.547220489,0.0361892847194498,2.92480362263391
38304,1730409.00633834,73125.3472207163,0.0625582041052522,3.76633510941406
38305,2020723.41348793,253909.555516585,0.0725966214150711,5.68270592028183
38307,1482268.78176933,709602.264733274,0.0484209801876549,15.8537145933023
38312,1571326.33645512,65020.7959523716,0.0581118667364868,3.77512085716586
38315,1329620.1827982,749767.989735091,0.0477954386852801,16.0260596100592
38317,631591.708222801,13640.9496468121,0.0204682262937961,3.71440520292077
39002,259216.768692706,3825.06267887846,0.0244025919963704,1.64122253309345
39003,270046.261877873,5616.64946367591,0.0248405572651085,1.39155182462323
39006,293772.142426368,20928.8646565976,0.0302209135172314,1.49770638863367
39008,280558.227845016,37927.0056484399,0.0247326923863919,1.61014834146703
39009,282850.694474357,40626.3124089144,0.0234738611239848,1.95126823288857
39010,270991.975897511,39586.5368282051,0.0241676190766258,2.02676004289341
39011,287511.849111181,39381.7788816647,0.0254696383122096,2.00723377321211
39023,457425.212076778,37730.1004317967,0.0317114965856133,1.75079858238307
39025,356675.735763245,40221.4119496144,0.0300297296723543,1.72906973274387
39026,432511.684331328,37577.4167398748,0.0328807688142888,1.84397377251954
39028,307845.835112729,21947.4232638817,0.0289856176820066,1.67626203004161
39044,472141.691794545,40646.2162076077,0.0330463873726218,2.00141593252084
42015,1125678.03602989,22749.5449133094,0.0769990002032228,2.74139847336851
42016,901116.679646597,16220.6068881111,0.0582979825363931,2.9849044456827
42018,323044.646558754,10898.751478538,0.0156230508833351,2.81682023868623
42027,842082.035957305,18268.7111892399,0.051671009104789,3.7597986025065
42034,823642.707197776,9938.101113837,0.055769209268484,2.32235741409915
42056,958537.111583655,18554.5152002897,0.0635444024461939,2.87710865051102
42059,933242.461124314,20369.6647549823,0.0624285115246031,3.39804459586403
42101,281599.194091817,5569.83240862403,0.00960252205966219,2.16425086824268
42119,785357.103101223,13799.6819162598,0.0445979732736721,3.37021812590403
42128,723453.728290882,14556.1343134135,0.043988355181939,3.73206679612297
42137,853023.547324857,18168.2552749968,0.0536415904403636,3.43890228298843
42221,832083.123767219,14830.4904484426,0.0489449094436899,3.14501594963164
42903,427216.723687805,6276.51315283833,0.020886226449147,2.47425873523447
42906,427216.723687805,6276.51315283833,0.020886226449147,2.47425873523447
44001,200263.175539025,26463.3741168674,0.00602861157648558,3.43024679891783
44004,202874.304370561,26299.028697187,0.00558673226273618,3.83301307797215
44006,176060.029397906,26806.1758252383,0.00836869069739111,3.18992035277356
44007,176060.029397906,26806.1758252383,0.00836869069739111,3.18992035277356
44012,174586.094562834,27988.3998736395,0.00656708983107389,3.3699406983457
44013,174586.094562834,27988.3998736395,0.00656708983107389,3.3699406983457
44019,176467.149467252,25713.2149440462,0.0088175420414661,3.19279869019333
44026,173829.185896146,25204.3276351916,0.00782473026369991,3.50407793635137
44031,175098.265349666,25533.5804805027,0.00916103932899006,3.19137974186792
44032,175075.429898801,26014.5293269914,0.00904339466366715,3.18880583103422
44035,173442.407677052,25853.1818549739,0.00933714599830316,3.02004922482726
44120,172704.323264711,27275.9906233322,0.00628245066732947,3.35993729933604
45002,697955.853082156,12879.3181491593,0.0226463544646909,2.61270170944575
45013,669367.748407563,12436.8223456229,0.0232415893518568,2.35052151623408
45021,1182357.86109419,127971.881454158,0.0164998162166742,3.59872839821508
45101,641140.261517093,12320.3075828552,0.0226494463582249,2.13699820540074
45102,739266.972067541,13730.644768503,0.0220562813026865,3.02961498126029
45103,789320.510330913,14028.4051888298,0.0228362616243543,3.12141001081028
45205,877347.94991018,15748.5006765852,0.0230997656626457,3.21752752746514
45213,753336.674977942,13298.7304832411,0.0236045938698465,2.67349018510205
45220,1165724.87858302,114433.322329537,0.0181997602117173,3.53389986658452
46003,184713.271340306,30374.9308397795,0.00354171744398181,2.14466347430983
46005,199858.716118689,30971.1212289868,0.00359626835936606,2.32844974027364
46006,296266.414745565,39020.4631371935,0.00239826496479155,2.67745205636382
46011,317338.356727227,43648.2946210692,0.00200990251546704,2.93266744903758
46013,322024.282570821,39987.5124318371,0.00227103857677638,3.14679253803246
46014,314731.125400433,35875.2095032644,0.00274265900822212,2.99574975012852
46015,314731.125400433,35875.2095032644,0.00274265900822212,2.99574975012852
46016,300157.327414983,30475.2383194032,0.00286564808303099,2.93615087807592
46017,310811.041682989,30845.4099466522,0.00335738562733805,3.05090408079023
46029,304963.921085312,42161.0570515308,0.00211933555545527,2.88096768144886
46030,304963.921085312,42161.0570515308,0.00211933555545527,2.88096768144886
46031,304963.921085312,42161.0570515308,0.00211933555545527,2.88096768144886
46032,298191.129325563,23921.2028252049,0.00374723622165643,3.36981906089544
46033,298191.129325563,23921.2028252049,0.00374723622165643,3.36981906089544
46035,295381.097735013,23419.4721615301,0.00321484250234908,3.00883506758182
46036,291805.207213207,25027.3849315543,0.00301849577009597,2.88158817803785
46037,285008.304719476,25769.8133369831,0.00291238835355089,2.82998380526582
46038,274026.941069976,22317.7626322214,0.00293771442050179,2.7548276751245
46039,268175.501775534,22766.5833137155,0.00294466914240039,2.84689585105343
46040,276725.89980092,24446.8389384944,0.00283567737909128,2.7130297482295
46042,270299.285931691,32707.8801815192,0.00261803037821603,2.56164687391462
46043,274571.851237349,30438.994763008,0.00268307225641116,2.4776283667494
46044,266963.16982448,23012.5726689808,0.00283774588702238,2.56044414567537
46046,266068.310830957,25504.3056910238,0.00277870831166364,2.47052176114638
46047,240821.905825534,22752.3488402118,0.00359416511187646,2.54340760912851
46048,246963.338884125,19791.9030549686,0.00372557629247774,2.8496680231092
46052,183988.487888378,30465.1427349311,0.00355256455661084,2.16989193559036
46055,226127.421675937,35397.6031804018,0.00325131167690884,2.4881764971049
46102,185701.909939271,30197.0895976184,0.00365469146949796,2.10108378440356
46123,303049.653721216,36749.0683531204,0.00257965676408803,2.79634941126173
47001,164477.72689235,26170.3342899821,0.00480872946020152,4.48205888816387
47014,166579.069326117,25541.143871034,0.00607778137349876,4.05942202449113
47018,163055.819002458,24334.525772764,0.00920808142607514,3.29500686478227
47019,163055.819002458,24334.525772764,0.00920808142607514,3.29500686478227
47102,200996.450325619,27510.7827211161,0.00520070553945246,4.76567964282982
47112,193027.679277624,25968.6382084952,0.00575353699384147,3.83257877668453
47900,192915.278417873,25483.7886027517,0.00596814529020126,3.70592557791088
49015,309340.858065645,8668.14740399002,0.00226107968118128,2.73127725341738
49017,324673.300973414,7690.00169994705,0.00294032976008167,2.93945402050701
49018,323854.413933238,7624.62972626868,0.0032975767739838,3.32588559200978
49033,256674.022309592,3195.84010674663,0.00457574303621295,2.46727929902051
49036,139718.897179985,1542.20256264574,0.00702578720609814,2.03647895580854
49038,288675.936426696,4573.02904717815,0.00504280558602557,3.16005401276246
49055,200243.439772669,1824.28888838076,0.00788736780434459,2.09087970954033
49070,527938.863932807,11563.6803995204,0.0117716657945914,2.36363207676458
49073,509585.724762275,10155.7128717202,0.0109837212349021,2.04176340905791
49131,308082.52119977,5498.44711978779,0.00407293490556316,3.07285047443241
49165,487285.196119831,9442.12882432711,0.0116918305525432,2.19099744177263
49172,523257.014253402,10304.860485744,0.0112755613625111,1.93872779630481
49907,198599.692855901,1622.62855240803,0.00489669653001929,2.21582798311347
49909,148605.77624966,1500.315405657,0.00582009770987127,1.94215101691465
50001,276118.410652277,6717.47163172604,0.00233428165894123,2.68562231855742
50003,253439.97101811,5542.56690159596,0.00657160476261993,3.50060061562682
50008,271644.854073775,5728.97797007416,0.00672647266260221,2.80065806709462
50009,272497.632970523,5279.52521333799,0.00755970799246601,2.58109741364655
50015,357710.018225613,5750.3029737346,0.0119549851725222,2.10265060975238
50032,285342.61585746,6339.32086719673,0.00606022453017457,2.13427075525495
50033,322564.712520489,6437.95578319341,0.00947227296194289,2.23860933461044
50035,354583.003813358,5746.13463877165,0.0139849813664049,1.9769520694997
50037,465312.669263494,7708.16586513647,0.0180767551825351,1.99415428499987
50042,531997.793420022,9331.02332409762,0.0212467441265277,2.02032017702095
50043,724648.982589161,13698.533890395,0.0220217592615356,2.93070348897429
50047,560668.591428801,11017.8141277718,0.0225391052694844,2.00246732719191
50048,531937.449879174,9419.41084692543,0.0217597847936395,2.00366184992347
50055,252816.579803636,5597.0202101456,0.00519393358651417,3.44526189476579
50064,457950.983830094,7031.6129045291,0.0164313662190293,2.66192001205704
50067,288257.16207234,5228.26034788514,0.0105696637207381,2.10463058430729
50068,303725.969735908,5257.72039512937,0.0108764650548422,2.09713308246402
50069,450497.00812575,6934.09694860543,0.0165925755477642,1.99391463492129
50072,304555.53482457,6142.46171313465,0.00801848790018892,2.13373054392249
51023,212396.157008841,8449.66345914024,0.00933414970005533,2.65609822097486
51030,250306.366000732,7453.84669281034,0.00767791065187602,2.39585164497953
51113,143809.197326586,7290.789960582,0.0118450422682185,2.72069787249625
51119,266495.214085335,5985.25664231498,0.00927385429976373,2.24465732167191
52001,270424.37302378,4800.11588320483,0.024434769336999,1.70622974695363
52002,250778.746780156,7414.70865435028,0.0215413052244477,2.1224758228487
52007,228050.944547463,3835.56203844778,0.0210921357687839,1.80702107936502
52010,237258.905914917,7438.99994942308,0.0160944657948195,2.32684755212109
52011,227821.934922751,6980.91957253979,0.0141250072362203,2.15492848855408
52014,510955.094991628,9171.70427461326,0.0210583959336577,2.17012215223718
52016,699587.866778462,10350.0044370638,0.0278169071881704,2.61967659633041
52019,160472.230205433,5296.52803884828,0.0112678449852873,1.78413335728668
52027,154820.570253905,4584.45115105505,0.00967437818531742,2.12497719435862
52052,238245.617231235,6992.71101813475,0.0175938740767688,2.16507571122892
52053,248537.110326573,7466.03725282299,0.0182952248137592,2.21977526669393
52054,380601.349468128,9973.11155408461,0.0204165116396515,2.37895048407186
52056,245261.228036637,5617.37356970959,0.0203436691726499,1.81788606652412
52066,274507.727540951,6586.88143848628,0.0096798673520589,2.24444991950045
52067,608595.385013095,11299.3643839705,0.0185232810282586,2.42710735032125
52068,193523.295599162,5247.69421446324,0.00779050902114798,2.99811722871865
52109,240022.041844793,6572.14290152619,0.0172404651290546,2.1006299370604
52126,146754.996214427,3537.48825227288,0.0114400335758462,2.45486967748371
52131,422685.520151463,9942.53267491469,0.0139053433758669,2.28546627212858
53002,1361769.15568914,191544.357277162,0.0642012951568615,4.2673423655992
53009,1273426.00264681,328568.694005793,0.0117818992949324,3.97329654696936
53013,1401865.78372922,185735.578056254,0.0648857009151949,4.68216496415271
53015,1398140.18659784,195825.513617927,0.0202269452872956,4.75828483238571
53018,1340718.64279975,245102.41954289,0.0182867205679303,4.16498154066378
53019,1374037.77721843,254575.804355779,0.0179023088791297,3.78881046601035
53025,1386587.52336311,185422.015547067,0.0250849062994302,4.65355165498923
53026,1403411.02937661,225289.899118043,0.0199972256932387,5.1054368408429
53027,1416019.45225822,226223.601268872,0.0196332991630944,4.90493905297848
53028,1371297.37930278,212179.887187834,0.0185166866521872,4.39271294280013
53036,1476672.93881241,221589.282339202,0.0194247285250549,4.96824907532971
53040,1282738.30068652,181203.454748091,0.0146530570293558,3.83557414511522
53064,1383941.70826185,190258.929737408,0.0251574325249139,4.66416469989938
53074,1379720.9483219,196925.252440944,0.0245108041020417,4.32585018511619
53087,1419769.31070112,225037.813282828,0.0190539316947854,4.7680916649092
53800,1373297.79060839,219614.699660167,0.0780318642966451,4.85545596281322
54007,1538052.79705425,274908.329137693,0.0533545391888475,5.49194038919621
54012,571577.868948159,29681.2408943642,0.0227879862357443,5.95639042914108
54022,777529.703430938,41066.4877306885,0.026886655935681,7.11307098575967
54031,1336742.63739358,423916.468209414,0.0293458650463772,7.11434801115735
54040,861439.21877392,507567.340260792,0.00864885265116453,11.5792932818311
54900,961496.876730837,571246.522921833,0.00633421384910639,9.35353159858188
55045,3138682.2520801,354701.739844841,0.20509991599862,11.7521246859645
56021,186473.783479265,25016.7460290361,0.0120947226483712,3.09943279073504
56022,184862.176990334,25120.5570584066,0.0102056184503503,3.26581594160229
56033,174430.778084492,25158.9877338727,0.00862761223425594,3.30571925646499
56041,186093.050169833,25072.4015313882,0.0093593969362975,3.40375454381699
56044,186093.050169833,25072.4015313882,0.0093593969362975,3.40375454381699
57010,184939.233113674,24939.2274084665,0.011158005900643,3.25605614854938
58001,197596.233287522,26280.7547918218,0.0063261837115259,3.74849182057544
58003,198442.090944872,26005.6387934851,0.00657534837927361,3.76092814687381
58004,203035.165936679,26570.9857783427,0.00577224393294312,3.73880292322288
58007,203035.165936679,26570.9857783427,0.00577224393294312,3.73880292322288
58008,203035.165936679,26570.9857783427,0.00577224393294312,3.73880292322288
58009,200922.295393673,26342.3377730445,0.00649897590704594,3.51070509226043
58010,200922.295393673,26342.3377730445,0.00649897590704594,3.51070509226043
58011,189872.275808977,25584.1163294934,0.00829133847861812,2.97787720060959
58013,198442.090944872,26005.6387934851,0.00657534837927361,3.76092814687381
58014,197596.233287522,26280.7547918218,0.0063261837115259,3.74849182057544
58017,178805.515803256,27361.5847312151,0.00820614836361095,3.36717573209002
58019,178805.515803256,27361.5847312151,0.00820614836361095,3.36717573209002
58021,179209.938416419,27773.4753070937,0.00816377930677092,3.18156210716164
58102,196927.094160851,26101.414854621,0.00522211383975379,3.83681367792395
59003,300194.777744967,21816.8074168555,0.00471609262996553,3.67219045813519
59010,348246.504108343,28160.4524151222,0.00557320527259309,4.57950207055087
59013,356454.786484087,27230.9074497956,0.00535430035831367,5.23154184895996
59020,340941.933743592,28426.8782998476,0.00560073183448173,4.46990764448806
59021,288142.141471651,22558.2316366141,0.00906256565990099,4.27075697319149
60004,1254688.5555496,339260.7864927,0.00884287017625769,20.8734995569838
60009,1250186.69896659,357992.527312501,0.00980534984504888,23.0835345601118
60010,1124788.79776205,390078.574850734,0.00991658377852523,23.2407717702885
60013,1130579.02440333,354597.193953479,0.0106526480704266,24.5470299047422
60017,1118609.85597739,459015.593573805,0.0145277342575898,22.752291678633
60018,972615.43232553,409342.623022772,0.0134922644579642,19.690677941761
60019,979813.217657711,387005.794245467,0.010916415257631,25.9505578895695
60020,1096853.44574243,378952.344017795,0.0103232233712636,24.7775523877885
60022,986190.797207422,393712.965872443,0.00975567490005457,25.7202072286211
60023,1215260.33705481,410709.004293529,0.0175308716485795,18.9684356869037
60024,1384110.40436854,437423.990326858,0.0294940376122502,15.733687567464
60025,956949.558719955,401511.868595506,0.0132494554532758,24.3996540189829
60027,950520.808298611,375829.776522134,0.010924382155435,23.3331791011848
60028,1028859.6877135,404962.659473891,0.0118865505080604,23.4532771344357
60029,1161020.9092949,387634.458733403,0.0209566058317592,15.6767434649391
60031,953500.748755731,407080.74656496,0.0133542409969537,24.3511359446736
60051,1678068.96863043,250334.94686968,0.0117168177842876,18.8900543068123
60056,1003423.18940838,520974.137156714,0.0125217298162998,22.0178256364665
60057,1406133.2276923,364092.028454249,0.0121912148340658,25.6835037826859
60060,1047141.57525284,382212.176306731,0.00940977429506115,22.1954805036715
60065,1092210.68121171,374649.479429597,0.00954422895913806,23.2279936239482
60067,1064446.1512202,407408.833294741,0.0104776351055952,21.7584320531656
60069,1006449.67733171,431576.805818565,0.0133214196186017,26.9609871253717
60070,982523.419834844,387291.289353849,0.0100721951222789,25.9905821094483
60071,968327.37944386,394927.829785178,0.0102570487589238,25.1310217125592
60073,1129882.60309161,441599.637790842,0.0141929598350837,22.5153097596448
60074,1216520.48206844,412871.466949342,0.0221101394247615,16.7776117201441
60075,965314.467484282,430001.02709535,0.0140325227489517,26.0693356409005
60078,1140080.91415873,387853.995886929,0.0148641830083714,19.9827639706811
60079,1204926.1051586,402348.956325693,0.0216042827004754,17.0286665158947
60080,1580119.85057388,422338.246096948,0.0359856480991043,13.395949937947
60081,968770.0978286,433087.141642543,0.0143718503064672,25.7600780054608
60082,968092.280357874,412808.171934513,0.013474704796253,24.3610006353231
60107,1247452.26912307,310236.44492083,0.0105448375572156,22.6270053658635
60111,1018606.99749522,451046.781236103,0.0096173870978767,21.7714520181009
60126,977754.592104851,421316.88772578,0.0129723984521349,25.5506874055936
60130,1559854.56064385,430442.910610222,0.036318720519644,13.7177479263605
60155,1092636.84829413,417699.230451496,0.00828724473060667,19.7428437932666
60164,1096042.85587843,374461.955064793,0.0104033782069488,24.9378795765772
61022,174319.412003811,20721.570330234,0.0120556321920196,2.11124846388325
61029,168744.14389344,17748.9943586085,0.0120033599100665,2.13845682015955
61031,189952.520733002,19467.0285683977,0.0116796412344539,1.99047898307447
61034,178825.3053951,18812.0768138341,0.0120627702006953,2.29290711358249
61045,283043.371074908,15269.6624110223,0.00911469999550849,1.24034216496572
61047,294260.782568033,16344.8588988953,0.0109092211132488,1.49313297584261
61048,287354.401418064,16055.6352486031,0.0109274211457393,1.4594939042578
61049,291324.281094169,16447.1894703858,0.0109682092144549,1.54482931644531
61053,374120.529559007,14003.2917104833,0.00875389567717787,1.1169969323093
61056,357961.97330971,13419.3092794203,0.00877681741344415,1.1172873945846
61057,334935.54342411,14388.9681702069,0.00880434810906982,1.23316115689624
61059,338711.673461288,11777.4877356744,0.00804091369681256,1.08198413312531
61064,375792.200493834,14593.5438082765,0.00906273569427372,1.44488860520294
61065,436586.569688281,15335.7550231254,0.00988405594939886,1.42013533298981
61073,199657.531591282,18912.6283135841,0.0151302286786259,1.71315147763217
61089,202707.882452945,24519.044791241,0.0107460406305485,2.94247112310145
61093,190376.558526901,22959.4768820783,0.0131782010721174,2.27196265233316
61097,247440.00850299,21514.0181933685,0.0144310796880916,1.90074330538536
61111,316687.99621715,12706.4069176354,0.00816193991019257,1.06939763375418
61121,221273.926047162,20998.5452587182,0.0104526375440302,3.1950336580793
61123,179242.069767539,18993.4150447558,0.0123392330501746,2.12545351847564
61207,307329.848971023,25174.3944372118,0.00652187130453773,4.33440522380695
63002,279815.072420829,52729.1540704757,0.0142035680404522,5.05671625680467
63003,287832.018487502,83290.7214056752,0.0194730361745193,5.4934963291385
63004,294885.721953214,83403.7892896061,0.0197114297109282,5.27438009108462
63010,266030.826824837,56391.8276957387,0.0145454051693123,4.82939464941485
63011,284427.896875465,71153.8508493548,0.0156327276318129,4.93153680056976
63014,274787.1006905,85279.8811213498,0.0203875359884072,7.04412888628018
63024,312639.331144692,71241.4545842509,0.0143562463125611,5.36059027465775
63027,198741.25283209,77161.8028986211,0.0224939479055792,6.41829581694538
63031,175190.725793912,58292.1941286838,0.0200814527176022,4.51407868909288
63101,261647.493371054,81463.8949296995,0.0187801914960458,6.39838859990519
63108,290618.933013692,59853.1995322729,0.0142239723794333,5.0861094079897
63121,225515.795462785,51039.450838289,0.0184684956139967,4.91382560600326
63202,290618.933013692,59853.1995322729,0.0142239723794333,5.0861094079897
63204,274849.291432109,75694.0634715972,0.0166265356343556,5.16840590878354
63205,287476.72204629,83053.162308308,0.0195767282593943,5.4987361650487
63208,251814.317701839,42304.7268403244,0.0133221461705882,4.61912648813112
63217,224906.008680999,77265.6834910461,0.021351360607815,6.26696571749707
63221,215225.305893038,49243.7629709955,0.0183186880978534,4.94403138257954
63222,148152.144585757,42147.6664157907,0.0142815367457231,3.88539215270336
63228,185625.482673754,60499.931175317,0.0218191040320308,4.76081744048185
63311,296236.719132513,66170.26159952,0.0150344229529052,5.13329927625788
63902,289270.808465634,62377.1278269319,0.0151502384097536,5.05278603226259
63903,284621.286283755,67699.6669678979,0.0145880124347132,4.98254780299203
63906,179200.730684739,41755.7557244877,0.0193630843034567,3.84421493509547
63909,208179.67268367,60262.6840550456,0.0197780029920408,5.04397167757469
63911,159068.082770356,42709.2169494808,0.0147949824991118,3.87112830100563
64001,744089.622651645,35673.5108624887,0.0210080493207535,3.60672285789506
64005,1061777.94742475,90733.2878519061,0.0195516725034648,4.36515745648523
64006,1122647.15175092,112555.209807236,0.0195855077942923,4.89614869634394
64008,712722.928828038,13713.9611397462,0.0214941642567881,3.21161624854364
64009,797978.489030788,44776.4368362264,0.0203956166377742,3.59284199581876
64012,1057457.23239092,80916.9936033736,0.0197193643057432,4.33541893709679
64019,1360854.65208453,183402.911147925,0.0172269417832827,4.77476172458017
64028,1218091.2918241,130223.557453726,0.0174883485915679,4.43689064379646
64033,1280264.27537385,412085.787967856,0.00702082040399607,5.59386291199516
64039,1233221.80829753,305946.060139929,0.00983297863647586,5.07497271705971
64042,1148740.12588025,129288.064981914,0.0182568806372229,4.61953387124627
64043,1348314.18570024,191326.485904596,0.0180125970562095,4.65238735632903
64044,1187180.95787249,120927.079183352,0.0177057894916485,4.32398917504142
64103,995236.027275722,69854.4367801262,0.0200004226986377,4.2531029317479
65014,186093.050169833,25072.4015313882,0.0093593969362975,3.40375454381699
65020,186093.050169833,25072.4015313882,0.0093593969362975,3.40375454381699
65027,183881.827904788,23922.4359115656,0.00918830607910363,3.59689470968856
65033,181140.365860102,24868.9556204924,0.00862172042134613,3.62022423184338
65117,186093.050169833,25072.4015313882,0.0093593969362975,3.40375454381699
66003,341303.946060615,2222.58176401036,0.0094399399627573,2.12758498817891
66005,608978.886914487,9114.50346699027,0.011932203451902,1.86005100831357
66011,666751.610928452,15639.9023514781,0.011808587347049,1.74099019550985
66015,587533.728149856,15939.1828721442,0.00942497389410375,1.45385891055207
66021,574180.262908439,16476.8182083404,0.0103215782039032,1.23743938041558
66025,481853.88413686,2728.75510716181,0.0117456185608749,2.22379761777405
66042,587125.411690561,19453.2908520072,0.0123092050630281,1.84139748369824
66064,545774.721480351,20520.9147622574,0.0203129993886124,2.12247360039039
66067,547489.135260166,16099.8434165365,0.0171114605716989,2.06758994826913
66075,563497.403050956,23732.8029376042,0.0100751081360884,1.73005370058614
66080,384511.896344177,20622.0912604663,0.00618460539845284,1.73665369164901
66087,463331.383973538,34671.4578849203,0.0178389166062387,2.16913336350761
66107,530647.725477389,6239.32782626548,0.0104500782975008,1.97605789723089
66165,553590.968337017,16222.9999077454,0.0193168128454818,2.18912487652478
66168,520406.135718272,7803.39825914023,0.0168757787706569,2.08724905513909
66908,631391.794863359,19807.2396468957,0.0120585456424034,1.7434143648074
67011,1065190.26112465,16459.3080666371,0.0372715582583135,3.2188175183189
67015,1333548.27644869,26641.8913874572,0.0499572100650828,3.55780647859918
67017,1795781.96914295,48827.5595013153,0.0648411759082857,4.05710068335682
67020,2628329.13144815,247241.373851631,0.0863823661335721,5.51601539818437
67022,932497.187130675,12811.1309730104,0.0330937642211695,2.94357543666694
67023,1028051.03299989,13423.2390000754,0.0346224586457607,2.98625040810592
67034,1044005.40613726,666702.417924579,0.0214693994427839,22.5863902499791
67050,956330.110319302,17911.157683129,0.0419338094284612,4.16880161095931
67051,1064467.85369263,19704.8888867663,0.0443348815996209,3.84392302698305
67061,2271739.91956096,107379.193982619,0.0780587258758536,3.95256396244272
67062,2296005.34303879,151077.447511189,0.0771613246586673,4.51983287287366
67067,1977572.91316759,95034.3389656632,0.0703571098647553,4.0355401777957
67070,1568119.83999503,646268.100760522,0.0452998110353765,15.1730302743971
67125,1439535.22245751,31985.854373637,0.0524703742844792,3.24890971369881
67900,1052614.88636243,19036.9152150844,0.0407533386967554,3.80906674376035
67905,1037564.14677244,20014.5369256299,0.0444791361733756,4.09255220184677
67906,1064467.85369263,19704.8888867663,0.0443348815996209,3.84392302698305
68005,464045.162968095,16837.0774564857,0.0116539805427065,2.02646949867515
68006,475636.536924089,16112.8279111218,0.0117442749525249,1.65973751663414
68007,522098.625048082,15547.6630724385,0.0121783515699612,1.70472818563403
68012,374153.232879376,21741.0123247243,0.0102877547392564,1.21350727506188
68014,371406.712557327,20406.7963987431,0.0106717809536304,1.23328408930215
68015,395820.350434264,21650.1803486274,0.0102108043404817,1.31023647180457
68018,462500.605727109,18093.896207653,0.0123700208332801,2.07272617831926
68022,466503.713324236,14578.0808822832,0.0112677404502034,2.29917924476498
68024,262148.532509787,20440.9474111714,0.0132335178553128,1.88341257079391
68025,397187.047096777,22074.942074269,0.0118508446002814,1.58490361359471
68026,459011.872976897,21741.1384163009,0.0111016382923151,1.28519132813991
68028,453363.196043838,18072.1454595275,0.0122385064602056,1.9617269564749
68037,449263.140608379,11979.4063876119,0.0103469623802952,2.22714924560959
68054,571641.77225782,10914.8868251001,0.0228205888203179,1.92949446811685
68059,393793.028771396,8753.09910911019,0.0038719659395821,2.63316570670494
68066,546861.109010705,9983.23619420462,0.0219008697861904,1.98903884613074
68113,349688.895172864,20064.2682232088,0.0116724641390074,1.25208320073052
68117,407454.064850686,19531.1409497285,0.0108830744928371,1.57292569131999
68119,477408.413839854,18492.059736303,0.0120706944052197,1.78444758205229
68127,489387.240474141,20887.6408537855,0.0123154593794328,1.77628899907194
68142,390258.849802769,8578.2705244546,0.00352358363636248,2.72955690737122
68203,536334.376845157,12519.8317863467,0.0121825840263156,1.87064247326334
68209,527394.009140123,14624.2286727917,0.0121745628343478,1.87441653874387
68216,400010.595988198,21788.6740589064,0.0106683882155349,1.3261738794586
68218,477828.051645937,18790.5924898371,0.0120611143246372,1.79893495638091
68225,331633.653723814,21975.1973688675,0.0122441510885539,1.83506079155642
68308,528842.844553343,16002.370602471,0.011738108663965,1.80169657514274
68901,440583.312169027,22163.8826840861,0.0107569990199334,1.38727519789182
69003,2557064.82514884,224865.312374802,0.417052115942415,6.23434654122386
69019,2597185.08254335,235735.232440216,0.394215962590494,8.40255622142766
69021,2656738.13982356,310539.396390387,0.359227583430924,8.57107652014899
69022,2763252.00548889,309556.467988603,0.312427792992794,9.10069936123523
69026,2656996.58759518,293604.517574176,0.381068893685797,9.12099398879146
69029,2518196.01635091,347354.173908627,0.280780926650799,10.7616468384517
69057,2420866.73101026,303205.558764478,0.364574171004687,9.61090596507099
69127,2527739.38340491,308647.066215004,0.350930880508078,9.69119293456883
69142,2384238.78382755,211031.772845584,0.413463784877229,5.65361320689585
69203,2433213.42313427,228418.098121491,0.415033388610539,5.46669041201207
69207,2234568.64270326,246553.131325798,0.240974674315047,5.6004217249106
69211,2801526.38499551,232877.396412708,0.428739203577788,6.12018863821852
69237,2469288.31260519,222826.053069305,0.409383009141534,6.52489762483026
69238,2806595.5596313,232988.715916223,0.424131437236236,6.23900622129892
69240,2436433.32101201,276144.054662363,0.383014632352367,5.78584326344671
69243,2608776.06369876,211371.629944545,0.390087632207741,7.74334166828212
69251,2613522.30969181,306152.326262706,0.360629392207661,9.34100840467433
69253,2599093.38619262,354143.633173582,0.263314773716425,11.9885829555581
69904,2413652.35387129,218974.32272179,0.414871475812463,5.53502763331128
72002,562790.175096573,15946.6457405484,0.00925390615193001,1.20727897899962
72004,523825.816982777,14148.5826948756,0.00809941576961572,1.22826279218981
72006,304464.614763332,14408.0280966699,0.00735178500783937,1.01190359245876
72010,238762.323063916,13293.3236952996,0.0068403511560261,1.11351374259241
72012,196488.830567453,14456.1351413958,0.00644831325791992,1.20522905478498
72016,214018.35164949,13489.64631561,0.00668779896204681,1.20611806886598
72021,148493.386765146,16849.295459918,0.00687319171151098,2.14593911896977
72023,153297.539364841,13872.6088204246,0.00623796754830148,1.45147566738515
72025,155463.917666911,18491.5023323899,0.00654335888682791,2.12792201305379
72029,192362.686920791,21633.7619760736,0.00700641918155108,2.88853036883575
72031,223981.683127358,24479.3916432649,0.00854140332401228,3.22598262029182
72033,213714.686141298,21623.6397006316,0.0100168346285558,2.52619585851385
72034,163875.744449981,18701.183552993,0.00696723092510534,2.55010271049738
72035,250788.558983342,26898.8078219962,0.00690424467637753,3.48429257369583
72036,271005.817959537,27303.8002818301,0.00640095398827276,3.7039278115649
72047,192900.240513825,17717.7188214851,0.00484682940320244,1.58549049062022
72049,117149.574215722,15418.5375574238,0.00426355744357522,1.67585624419816
72050,129443.311848578,13494.6532201322,0.0049684600506487,1.49930688731574
72052,124123.960367199,18611.5820897714,0.00490435450707247,1.66914383324682
72053,159853.598120951,14128.9134054009,0.00585061734340408,1.37799184927265
72054,117149.574215722,15418.5375574238,0.00426355744357522,1.67585624419816
72056,108049.120557688,14723.1108162827,0.00426186722207339,1.59913125815371
72057,132869.217621262,17066.55693481,0.00427788359405536,1.83351160813893
72060,124436.502031767,16461.6240027772,0.00502990855485584,1.7815212719376
72061,156627.596674276,20646.7409342004,0.00429443593182506,2.16902986392567
72062,132253.028509831,17703.8763417925,0.00453711879860366,1.90780851395648
72063,128831.85951476,17655.351232919,0.00434453836142261,1.9117175965311
72064,157083.962359725,20769.9187181353,0.00437995191991921,2.17113590677319
72072,231620.044987053,26053.3617208553,0.00462906466847491,2.61069835531976
72076,315703.928759556,30910.8705329974,0.00430032295856455,3.50921337058929
72083,335576.046106403,30006.385312971,0.00488879849764807,4.07986237214577
72084,322480.337874564,26015.3172921829,0.0048022828724839,4.00377700357485
72086,344047.582474085,29811.9611159742,0.0053760070700715,4.32899716434238
72088,160846.361376727,19706.6645165227,0.00445757036832848,1.50819262406142
72090,177638.117184047,27335.7034116284,0.0036613655848657,1.96241571753798
72091,183219.545360024,29216.2658271207,0.00370201793818688,2.21760021149457
72107,337831.31101387,11335.6933028133,0.00757892165070734,1.07754102188157
72126,139826.28977108,15209.7619978978,0.00661187418753881,2.11110140805437
72132,168902.342309832,17984.6270486142,0.00718023209828072,2.4001207174909
72151,126961.124000231,19326.708691314,0.00437105333024839,1.6352686080607
72155,141894.913736422,22382.6583707221,0.00393521680168342,1.71461481259145
72165,259821.545544379,30439.6426323745,0.00384988296986472,2.84151050025206
72173,305554.611704823,31473.1392400852,0.00449365709498796,3.0769754514951
72192,212891.469030874,30629.1162066019,0.00321859396786592,2.59787634357752
72193,317434.582092785,36461.9215736837,0.00354988744374438,3.27084028471778
72194,309885.06643662,37871.4404101382,0.00260269156249485,2.99466546372342
72195,309319.793277196,27828.1852514238,0.00391971600113294,3.37304765627077
72901,217858.044617931,22991.0232897893,0.00748583965719273,2.9784988789994
72904,157437.810919483,21805.8271922413,0.00466391534978907,2.15955618783061
72905,151657.614234216,20699.9617912257,0.00452970923445446,2.11695639921121
72906,157074.3108863,21977.9859936444,0.00483416808998534,2.09731959751204
72907,257358.277037247,26289.6457962073,0.00725421059560751,3.4306861265242
76001,332221.323402591,21739.7680798988,0.0124895645650408,1.80496797610815
76004,184621.42807015,25519.2452585334,0.0122362794041688,2.43428684433699
76005,189198.973205957,25566.0474329644,0.012197878864618,2.21621529434944
76006,187048.607468005,24034.5336502608,0.0122407506688939,2.37357648033927
76009,178963.821916246,26005.5477606,0.0115713984125694,2.43285142580486
76021,173724.887301539,25031.3932537229,0.0117248166706967,2.17507729626996
76022,173997.262320548,25549.2392160988,0.0105445552080479,2.64199152285668
76039,153662.799803098,23798.6644310685,0.0120267651991259,2.24209575422103
76125,436685.696432403,18683.5652428018,0.012106693599359,1.84092938132192
76165,186473.783479265,25016.7460290361,0.0120947226483712,3.09943279073504
76190,175075.429898801,26014.5293269914,0.00904339466366715,3.18880583103422
76302,326545.546799591,20831.7173815266,0.013000997218863,1.836309878023
79033,768035.002858714,289167.301829561,0.0104204737137774,3.4328382425013
79130,715942.692420027,209538.692169236,0.00790461014199019,2.75662501545378
79132,615719.165342382,289057.326815555,0.00868406997245159,2.82763092855063
79133,730820.710253604,298638.679290715,0.0103993249405195,3.05624442053983
80002,233263.758028911,71282.9287729032,0.0164588378709815,7.06906446205085
80003,307449.039497003,63401.8238270512,0.0123825233885662,9.15224379526347
80011,233104.395515531,79313.7860863907,0.0183364856970693,6.3359359386937
80018,203055.562635927,48067.4559872407,0.0138274037902899,4.63205574768444
80021,199709.270867137,55834.5272643932,0.0135501360639788,5.26910286416772
80051,206279.4750231,54922.3090906606,0.0143754954154657,4.87990666933318
80055,218995.577942422,65769.6390346037,0.0140158544600575,6.77081160293669
80116,209492.20175479,48924.4851088681,0.0165577090406383,4.88940444233586
80900,236753.72387148,78092.851308772,0.0195615767565616,6.06560931762666
80901,260446.682004243,64996.7207021655,0.0130529611012065,8.00323334116398
81001,707609.031398716,24126.2142769811,0.0278199328244946,8.09191759983601
81003,1182927.07424403,86393.3239181003,0.0271193311365683,5.78574398650778
81010,779309.30588817,41560.4368062985,0.0234952559808304,4.71793344391966
81019,759160.871020262,44642.2119801995,0.0208781135144902,4.29324664102848
81023,998357.870525137,92582.9681913114,0.0193722750452191,5.40269297934662
81029,1132050.26423315,580397.1764046,0.00642055429726073,6.66158982397208
81030,1455652.51355959,462773.833940971,0.0176756304960781,5.64673851566895
81041,1462983.33021348,390750.166565233,0.0195839853015871,5.17650080410415
81901,1128294.11363166,591498.765953385,0.00649796526542038,7.31185082550453
81908,1136024.44222774,596822.950139596,0.0065891692105845,7.4947276336198
81911,1164306.07036239,581550.880239153,0.00746236802497973,6.73303274384285
82006,247191.278248999,7193.25187077869,0.0197042061406856,2.18816497334856
82009,239876.631127735,6968.67174781159,0.0178518658554615,2.19930923981847
82010,234768.073128313,6522.16739479487,0.0183327882118286,2.17328248431277
82016,231940.908123693,11936.823009351,0.0178309509312508,1.84746996145973
82020,251927.470387199,21106.2970123434,0.0249754243971438,1.60271630236471
82023,191415.703285762,27683.1880798523,0.0150057484621188,2.19241056184445
82025,214185.001404775,37087.8081085668,0.0172437118575063,2.00185219835191
82026,242959.296135518,37251.0574454311,0.0199570393771254,1.86579034767095
82034,151876.974168279,37527.9568129536,0.0193105606952637,2.8506472678795
82042,225664.498444167,48179.9447102069,0.0245607534891657,4.16413865175227
82128,107414.580440823,37675.0520709948,0.00931550298559305,3.18100577537062
82900,138055.19258167,43465.4897476755,0.0117230038631277,4.03774856816302
82901,136233.270392768,40951.4149055183,0.0131635559721346,3.65207438914091
82902,139493.698980875,41402.5650701624,0.0137385113607314,3.86594229951874
83011,1850754.10079538,50709.9008131041,0.106710367998085,3.00578621754348
83013,2485451.81101904,85193.1116988378,0.131548407730427,2.90941850734583
83017,3273314.39163178,170867.683857828,0.15504547587344,3.77395274710344
83020,1136488.22111004,25472.9354069853,0.0803836992525326,2.98739589669145
83024,2503520.82540762,84971.9410749667,0.127546130075223,3.11987840748056
83026,2512089.37690249,86299.2354473986,0.125489057105431,3.25958760097273
83033,1196690.92790632,27074.2717940971,0.0781708980589941,3.44312898144544
83041,3475764.72161146,184155.551214166,0.14836684047048,4.1223068828984
83042,3491641.86306051,212758.468018055,0.15194648111172,4.42249644919587
83043,3509907.41371968,247204.910027747,0.149020897772277,4.98709647182442
83044,1127830.23209319,27541.9143497582,0.0716338272089058,3.3579734960328
83045,1097706.79195696,26305.5002003211,0.0681032718646706,3.43763814356549
83051,2758415.68046258,111575.455679479,0.119524103048217,3.88756463374675
83054,3442204.446147,244699.455245858,0.145018181704983,5.10749396083524
83064,2250880.69390857,104541.51822505,0.101885326240308,3.93513516689049
83072,1545335.91023285,33404.2862393955,0.0662921653679449,3.63702714485932
83074,1518635.57538373,36320.0922637794,0.0697286223599049,4.29854223981463
83075,1697017.6549059,43265.3613551354,0.0727071666235712,4.17255097851585
83082,2328158.44701643,494577.619569246,0.0720145298065698,13.6894092136495
83092,1943545.60428644,433783.809688642,0.0547290508791531,12.2347084221937
83140,2911395.98768536,124623.635538043,0.137001657483707,3.52672032015997
83273,1322366.47477517,27685.8902572573,0.0624537877350579,3.82159281607492
83311,1171598.96958631,25958.2312563052,0.0791262830776047,3.15668900684249
83317,3611542.51715373,295862.038185131,0.161991697979157,5.50212414661721
83319,2045777.12680764,509713.429943216,0.0596848507012463,15.432058079406
83323,2006040.06171268,56296.9065203774,0.104870482892259,3.42615332832547
83324,2911395.98768536,124623.635538043,0.137001657483707,3.52672032015997
83326,3666532.75403814,255170.891848827,0.155137531128029,4.93136660323501
83333,1004772.22727022,22282.5317893252,0.0647113846049579,3.3889017039408
83346,1053287.86854201,378363.946582126,0.0134695778545181,20.9071735551605
83347,1082073.32644925,25495.9186352797,0.0707233584020988,3.15123168593497
83351,1836834.12351371,59653.7485315871,0.0884030547594618,3.84698698597427
83368,2162592.94757855,433421.516320597,0.0739055970813007,9.81929935363387
83900,2045777.12680764,509713.429943216,0.0596848507012463,15.432058079406
83901,3068893.00386537,144397.379428677,0.157686142360441,3.30575729305479
85004,1651196.46358228,146970.334899117,0.0254246193134659,6.85704921172565
85011,1839676.58193602,265775.680222036,0.0146147553134832,8.86950319640479
85021,2061634.18236155,368469.820080459,0.0157167937987331,22.4921381527203
85104,1632200.74013298,169334.418065708,0.0279449445396476,9.05715778978152
85108,1780493.39105743,212153.127880879,0.0126461333131668,8.1098516348996
85109,1842894.86707718,221696.263778772,0.0199843775876128,9.78040757178652
85112,1877224.0238841,222243.562804879,0.0132523654157738,9.51990559111936
85121,2192706.80615092,395789.537037579,0.0163836559751209,24.5081001106102
85123,1705687.30629238,213345.060475011,0.0119712380152015,13.1600841254656
85153,1740968.21729524,161698.679861331,0.011148250001395,6.09880083995871
85155,1840045.09253771,238337.715376358,0.0139167250426315,7.73960249729437
85156,1782770.88118769,234476.996263368,0.0135905503954385,6.91459883351233
85169,2459625.23557677,524176.861753061,0.0576391810229011,31.2405228208081
85174,1860288.42616463,248860.607572365,0.0146185942618995,8.6991632303088
85203,1760752.28067131,173566.451657054,0.0123566253094144,6.33378675411488
85206,1826553.09507051,247757.915473671,0.0144811971120127,8.34493855786983
85251,1758425.19821102,158203.119660988,0.0136363222591866,7.34749769205235
85316,2080774.45063812,379936.828853767,0.0157546284083526,22.3316295055991
85317,1864373.13581315,206159.939526706,0.0128993453102187,9.43956958956981
85318,1734767.66044027,200211.387678728,0.0123233818912233,10.5471931638252
85321,2164053.01797341,399491.28109196,0.0164605780893468,24.6876143275057
85323,1692072.95053549,186699.797471473,0.0118369227341358,10.8563374913738
85904,1729164.38277774,166546.361828121,0.0111874853298593,5.94379818385907
85906,1735106.44734694,166161.689606743,0.011068904024357,6.05054078897745
87009,196922.81187548,25158.5224500936,0.00977927296966183,2.80792947304768
87015,196618.072480163,25582.2097728714,0.00996339002725207,2.89324941008319
87022,186375.538508363,23887.1782594764,0.0115579426424568,2.56292189684567
88004,292959.867964275,46181.9253828098,0.00383039115817727,3.57599411864756
88005,324967.12338436,46957.3950467635,0.00322553839456363,3.10296581323642
88007,303417.641698555,43924.6595431462,0.00322064148952363,2.87841957153726
88014,230022.647684772,45781.9831670006,0.0269876565308664,3.54603469806939
88023,359811.951002823,56132.932186646,0.00511761641684522,3.54733785398944
88028,279173.374566238,48478.3565443492,0.0118082848118749,4.7910792410557
88029,246335.488230398,35416.9028065745,0.00917473094025589,3.71596332115276
88042,298566.262526338,56967.4704907125,0.0140948342398121,5.71461503382893
88043,222504.807453663,34775.0976777811,0.0131181726379613,4.12987536080016
88044,234888.834891711,39657.7579616522,0.0130770774683727,4.48580214934739
88051,306164.815734942,72067.7648131157,0.0145955465252173,6.15441354713051
88901,277834.078643055,45108.1867181261,0.00382618670605958,3.6377782823969
88914,277871.003039416,45371.1139224785,0.00594113566078868,3.54879402414582
88924,234670.324591114,42354.8773613472,0.0272922433043917,3.07296137320716
89001,1951437.8029732,194546.131783497,0.394378094755994,6.49583451363898
89002,1946731.32494252,194968.037001694,0.395426994063609,6.44787573381419
89004,1396454.71371106,210184.953399279,0.386497677276067,7.06297202915106
89005,1443336.51301329,228951.521238521,0.389681071880634,6.83338534883081
89006,1619853.70311179,224556.619939493,0.393522335002281,6.51383760165191
89009,2078020.41236153,200782.556018419,0.394816734768728,5.8986900468604
89016,1490258.61227176,268730.199634231,0.396937273320174,6.33852000273069
89019,2279560.83640919,213389.038751544,0.409799228853802,5.28368208612361
89029,1411976.97677971,221999.650016447,0.390158099989752,6.68326906326535
89036,1910719.13423615,233628.567064967,0.395444762766432,6.47161859584791
89043,2279147.81425311,213539.998464667,0.407269986579715,5.20020284111317
89049,1443336.51301329,228951.521238521,0.389681071880634,6.83338534883081
89053,1966937.36584945,205919.421085866,0.393620612727476,6.40893673741558
89057,1740172.19479687,277503.17779007,0.397095485295333,6.6628559652919
89066,1813752.20350509,198693.717211516,0.388467448387466,6.5551679787868
89071,1310549.51738226,229049.363693988,0.378801439406557,6.35141749745689
89075,1810699.86729412,234545.064072963,0.399080916646919,6.67676486819849
89078,2345120.27791846,204433.429716735,0.40407219828922,5.57615338859361
89079,2172687.61659468,206594.630948211,0.405174363430072,5.45616551111683
89111,1928419.73761474,214375.974461596,0.387522478205882,6.32585560493699
89152,1208549.81054464,203568.582007664,0.252727191413479,5.41961205400427
89164,2076477.27718237,284115.327458951,0.410465146861739,6.33131104818642
89906,1554992.49423788,251209.567131205,0.283078947525512,6.38625601706215
89909,2305187.94114091,233960.955139576,0.409818103184084,5.36739678818466
89910,2027669.03357928,209593.500412777,0.398655237567747,6.01541310273659
90003,211027.330304845,59562.4023561876,0.0108356892424746,4.05251018327078
90014,328404.946374489,28765.4142795852,0.00986918308254398,1.98019672560795
90016,277952.790548484,28198.6094124885,0.00916248962109923,2.18553798578647
90019,332137.474222815,33220.1784926368,0.0129202277792313,2.27812034259133
90026,280959.573964941,26197.0909064623,0.00693550380995783,1.91946415085678
90030,190152.496287181,40583.7038859274,0.00487812169260694,3.23503430494806
90037,270154.311403454,18251.886943721,0.00492139660033874,1.40842596190391
90041,275303.828705792,18661.8939897169,0.00483994868353878,1.46739539802728
90048,288964.079466889,40294.7824269967,0.00320389766789962,2.56418925417095
90140,157498.486868928,24732.1741332508,0.0038018461545845,1.92978835449224
91004,270645.274967189,6509.87982964429,0.00333761579617033,2.06399719354422
91005,258678.066235515,6283.75853485204,0.0036694614365792,2.12451714944464
91006,264136.34861919,6601.76997814493,0.00274016826228231,2.01559632319377
91008,275855.466072579,7238.64987773178,0.00179358309565213,1.98784833608779
91009,252619.492059387,6206.12840411497,0.00546635858835126,2.29281014389297
91010,276647.984885933,5998.72345902507,0.00661859148468181,1.90094653204177
91012,279150.526805424,6671.4208530062,0.0041094987121328,1.96476322166661
91013,263671.688897002,6555.387875184,0.00289796455086176,2.13846045236335
91014,272359.873389133,6983.60129462913,0.00206148259985469,2.18697706898918
91015,264136.34861919,6601.76997814493,0.00274016826228231,2.01559632319377
91016,270155.965784927,6706.32354512275,0.00257660141470308,1.99570286229874
91017,293266.586387131,6944.35941702919,0.00192738671157653,2.12184904312788
91019,288374.528357378,7084.80092677438,0.00169329320946459,1.95808051947866
91020,299982.328704204,7269.00075895003,0.00151730277362997,2.05699632866973
91022,294921.024077372,7515.71698777506,0.00153118474414811,2.16301577268461
91024,282139.264359302,7432.43776633921,0.00183847381356994,2.15867183698507
91026,276311.427067324,7594.09580390611,0.00167975146663651,2.28627876171294
91028,271323.663648407,7919.45562892816,0.00169839165184437,2.40281195943939
91029,268978.224127347,7976.98321769532,0.00181302235591807,2.45483125629634
91030,298607.672942752,7951.12695587824,0.00223175084193576,2.72040664402652
91031,223206.492986882,6468.02734166292,0.0029731865888231,2.48534076336207
91033,268404.130513315,6560.42845529407,0.00216715763736076,2.24694005664496
91036,306462.645070652,7031.39999038964,0.00184192344858312,2.28667601794626
91039,304742.622191823,6972.90603451244,0.00162631568822111,2.10899902529635
91042,298233.30855691,7182.43252779249,0.00147847601094845,2.14187603132633
91044,283522.383229825,7516.675587498,0.00167912249325174,2.33660665400942
91047,279906.969424782,7385.69300064552,0.00155587080383469,2.24865887575505
91048,286128.542702007,7906.21754755899,0.00252221900070115,3.05916251229021
91049,276516.825182926,7642.04973554081,0.00202907478838007,2.68232960123337
91052,275631.221906852,7725.76408802443,0.00242851748925453,3.52917152246382
91054,300622.914280143,7235.05152005288,0.00175893522494926,2.36995539026766
91055,291770.440083803,7974.53747958594,0.00230371426054639,2.98965470620584
91056,286431.618814169,8152.59446528309,0.00246047340237276,3.14185587767661
91057,283651.609576373,7678.13528475065,0.00192483969297326,2.58623355249229
91063,245831.440292227,7017.70117523113,0.00331763692398981,3.2102681285421
91068,229464.768488797,5971.76453402041,0.00379929091228449,3.51213432059783
91069,189751.477308246,3645.0221749657,0.00449096779094396,3.01441507975092
91070,204447.676386569,4254.75826278405,0.00449602608193037,3.11879819492663
91118,293721.974437468,6994.82341403819,0.0018993963413842,2.12665853181833
91167,230940.151069785,7092.68293243862,0.00315365076524043,3.57853988669586
91301,281370.716176093,5859.11922315845,0.00631616835076817,2.18600737046622
91303,281600.460842058,7459.94982135288,0.00195205102291066,2.14857538892459
91308,276311.427067324,7594.09580390611,0.00167975146663651,2.28627876171294
91311,303370.489540019,7021.29053887233,0.00178490331247283,2.28473441572339
91313,276443.351638369,7663.42162488642,0.00161238391131313,2.40708470445922
91314,282021.192135737,7883.54443974968,0.0022478702461074,2.89119671560193
91315,246808.663621652,6533.12063134731,0.00312066408166107,3.90774320014495
91319,240641.887956849,6485.53188453569,0.00339444363411909,3.84716709771676
91320,171002.146577433,4890.52917774603,0.00399761543792266,3.59012474305933
91322,278790.995767738,7711.52127218649,0.00210234900651781,2.62526324617511
92001,1366003.3619644,174073.41780881,0.0145624180094725,3.97627218030765
92002,1196621.37909901,187591.134997267,0.00947807062342181,4.23354720979053
92005,935697.557549044,311735.933807458,0.00711051079918654,5.02077230370612
92011,1022571.24695722,271856.431330091,0.0087255167280809,5.79920381581608
92019,857233.282987788,361204.032882735,0.00685255955953157,8.37756636153328
92026,1158849.10253677,316735.929357501,0.0094017942361467,8.66275244797581
92028,862237.280449105,489453.494957549,0.00855357193475141,10.9999257919365
92030,1350478.98039861,173714.28072997,0.0145231187248029,4.00429927689662
92042,926581.845147182,304214.315943346,0.00836927100273128,5.57216283842118
92053,1170950.08528923,181878.732507695,0.00865637498510955,4.55699039749675
92077,1329421.78573729,208839.418861939,0.00997781510053454,5.80836516128148
92083,1016394.81460493,294739.083644584,0.00870492763748364,7.86610371305144
92084,997040.746733803,332013.887810746,0.00759776634485146,8.85500262776117
92087,815477.531378368,406612.106295603,0.00700849406127176,9.76948992640501
92090,961496.876730837,571246.522921833,0.00633421384910639,9.35353159858188
92104,1164177.49162963,317029.592559622,0.00931446098575335,8.50562435897364
92120,852425.455517604,379615.489761732,0.00735332298298758,8.7437078693424
