,Species,Temp.Est,Temp.P,Temp.R2,Elev.Est,Elev.P,Elev.R2,Precip.Est,Precip.P,Precip.R2,EVI.Est,EVI.P,EVI.R2,Euc.dist.Est,Euc.dist.P,Euc.dist.R2,Multi.Est,Multi.P,Multi.R2,Common.Name,Code
1,2890,-0.122130271,0.001699184,0.035243703,-0.043257257,0.150324361,0.007508827,0.022376825,0.524218197,0.001476452,-0.063280446,0.05930286,0.012873654,-0.034414532,0.041512147,0.015022516,-0.033300276,0.065274955,0.469595629,Northern Bobwhite,NOBO
2,3120,-0.308178786,0.002321689,0.277668599,-0.253045881,0.010557856,0.204910517,0.192991218,0.055355557,0.120828273,0.067342858,0.599393859,0.009632769,-0.022320966,0.178968458,0.06139331,-0.006058258,0.711582426,0.321816531,Band-tailed Pigeon,BTPI
3,3160,-0.053009779,4.92E-06,0.047862794,-0.04561274,1.00E-07,0.064498592,-0.011040278,0.343517378,0.002106496,0.004565765,0.691321792,0.000370456,-0.007046478,0.010580212,0.015239867,0.006574515,0.046548953,0.235134683,Mourning Dove,MODO
4,3180,NA,NA,NA,NA,NA,NA,NA,NA,NA,NA,NA,NA,NA,NA,NA,NA,NA,NA,White-tipped Dove,WTDO
5,3190,0.112381257,0.341450998,0.031248533,-0.053020266,0.645467558,0.007398026,0.164641174,0.378248996,0.026868746,0.063073761,0.640164459,0.007637043,0.012902563,0.6658123,0.006522819,0.015338741,0.513897328,0.610316401,White-winged Dove,WWDO
6,3200,-0.032470611,0.76849023,0.002036416,-0.055334921,0.326501791,0.022395644,-0.102576896,0.204153454,0.037224489,-0.184178019,0.037621991,0.096679341,-0.020433753,0.687592323,0.003797299,-0.001783545,0.98195592,0.296250273,Common Ground-Dove,COGD
7,3210,0.04957772,0.700158852,0.010917765,0.042118279,0.648532347,0.015260414,-0.317355397,0.014586656,0.356611639,-0.337126813,0.002226356,0.498861976,-0.006448087,0.788547267,0.005310265,-0.023096654,0.475453352,-0.251683303,Inca Dove,INDO
8,3830,NA,NA,NA,NA,NA,NA,NA,NA,NA,NA,NA,NA,NA,NA,NA,NA,NA,NA,Smooth-billed Ani,SBAN
9,3840,NA,NA,NA,NA,NA,NA,NA,NA,NA,NA,NA,NA,NA,NA,NA,NA,NA,NA,Groove-billed Ani,GBAN
10,3850,0.041018491,0.567293027,0.008924292,-0.036541358,0.679212915,0.004673872,-0.107405582,0.231917127,0.038390696,-0.061451352,0.465110931,0.014510363,0.008724837,0.748452025,0.002813198,-0.012557045,0.619581447,0.44582673,Greater Roadrunner,GRRO
11,3870,-0.172567505,9.40E-08,0.085831344,-0.08460883,0.000412969,0.038521878,-0.061930184,0.033499174,0.014135584,-0.101832434,0.000202121,0.0425672,-0.048585153,0.000749016,0.035157435,-0.035232321,0.019006086,0.437110445,Yellow-billed Cuckoo,YBCU
12,3880,-0.064764492,0.002456234,0.0390139,-0.049178613,0.000910731,0.046604295,0.02735728,0.147346611,0.009067099,-0.008007055,0.651976244,0.000882115,-0.003156285,0.721654505,0.000550446,0.007580325,0.455154005,0.335013746,Black-billed Cuckoo,BBCU
13,3930,-0.021729224,0.319384497,0.002701567,-0.011245102,0.447077104,0.001575976,-0.028096527,0.127268322,0.006325092,-0.005149852,0.791250707,0.000191139,-0.001102237,0.558408917,0.000933987,-0.001499754,0.407376175,0.21297207,Hairy Woodpecker,HAWO
14,3940,-0.084624843,0.00051272,0.031059771,-0.163637256,1.36E-28,0.275064581,-0.201513962,6.65E-25,0.242438398,-0.128625156,2.38E-09,0.088954211,-0.042046602,1.23E-14,0.14404313,0.000328225,0.952182828,0.444914989,Downy Woodpecker,DOWO
15,3950,-0.169047899,0.254101532,0.14155928,-0.161376457,0.261800863,0.137381019,0.184667369,0.175716432,0.19354705,-0.182704325,0.23164253,0.154559708,0.648645788,0.000285666,0.784478576,0.539811858,0.000850172,0.917374821,Red-cockaded Woodpecker,RCWO
16,3960,-0.093304145,0.409285069,0.02979901,-0.124551124,0.283657874,0.049788428,-0.056867143,0.517204819,0.018464981,-0.061671488,0.562242729,0.014811168,-0.081039812,0.049056512,0.158066928,-0.071615709,0.145267406,0.014995697,Ladder-backed Woodpecker,LBWO
17,3970,-0.509246899,0.000827108,0.620108185,-0.161465995,0.086526846,0.225075119,-0.53458289,0.012437766,0.418233232,-0.120259946,0.538563506,0.032319094,-0.350602759,0.04652989,0.290928658,-0.235399608,0.230772646,0.250743529,Nuttall's Woodpecker,NUWO
18,3990,0.405331704,0.465601404,0.18811868,-0.107777793,0.73427915,0.044207696,0.689674789,0.372480781,0.267179055,-0.347542783,0.395429572,0.246006254,-0.133212752,0.5900035,0.107577415,-0.109168066,NA,NA,White-headed Woodpecker,WHWO
19,4000,0.019052784,0.866004296,0.002988402,0.147478985,0.351307063,0.087240891,0.147188028,0.216603497,0.14817636,0.257520078,0.023968229,0.41406279,0.036642062,0.032193702,0.382017083,0.051848743,0.135109908,0.408556456,Black-backed Woodpecker,BBWO
20,4020,-0.019498839,0.762118923,0.001023225,0.005342296,0.940448845,6.24E-05,0.003869817,0.957826021,3.12E-05,0.072539185,0.250743471,0.014630764,-0.037601225,0.376645504,0.008695014,-0.051636069,0.115578442,0.4377398,Yellow-bellied Sapsucker,YBSA
21,4021,0.0340778,0.651356377,0.006896888,0.157826297,0.039656455,0.133614858,-0.084335067,0.203117639,0.053417204,-0.078244432,0.372359629,0.026610064,0.000754691,0.970667271,4.58E-05,-0.011565819,0.554711789,0.203383823,Red-naped Sapsucker,RNSA
22,4030,-0.058851671,0.607251818,0.013452386,0.066578092,0.591826636,0.014630245,-0.205119335,0.084526226,0.141439147,-0.218952924,0.04833353,0.181076629,-0.040255723,0.076736775,0.148319115,-0.035680746,0.197603723,0.100370683,Red-breasted Sapsucker,RBSA
23,4040,0.034903105,0.658786286,0.018378286,0.103245766,0.357640447,0.077317846,-0.108135522,0.184744847,0.153993415,-0.067136759,0.45482618,0.051741944,-0.012648997,0.639802215,0.020616528,-0.021745057,0.23218868,0.599601431,Williamson's Sapsucker,WISA
24,4050,0.114295325,5.68E-05,0.051499313,-0.034459157,0.075211276,0.010274587,-0.028332568,0.208989428,0.00513655,-0.006035527,0.804592669,0.000199688,-0.016167194,0.075570037,0.010249499,-0.007535354,0.490510741,0.156099318,Pileated Woodpecker,PIWO
25,4060,-0.021693667,0.554028918,0.00139682,-0.087444028,0.000528394,0.046822736,-0.02009709,0.557995706,0.001369065,-0.137030196,5.39E-06,0.079286023,-0.028569429,0.055585375,0.014521956,-0.018141377,0.322475901,0.169625022,Red-headed Woodpecker,RHWO
26,4070,-0.265078503,0.102484176,0.111707208,-0.35328433,0.018000875,0.22006016,-0.350114059,0.036827597,0.176002809,-0.303124283,0.056207294,0.149517736,-0.077515865,0.030978551,0.186753621,-0.045588073,0.279346239,0.223988988,Acorn Woodpecker,ACWO
27,4080,-0.043496124,0.146350852,0.093431612,-0.005362794,0.866192069,0.001319296,-0.030570514,0.239100831,0.062402423,-0.023120705,0.495123724,0.021406054,-0.006184085,0.289920735,0.050740638,-0.005928273,0.363340166,-0.081838975,Lewis's Woodpecker,LEWO
28,4090,-0.129990419,7.18E-05,0.053711228,-0.089692557,0.006517512,0.025590871,-0.023487611,0.453534342,0.001965851,-0.055758812,0.042005424,0.014378882,-0.055080976,0.024222082,0.017631295,-0.036154765,0.049448263,0.507653711,Red-bellied Woodpecker,RBWO
29,4100,NA,NA,NA,NA,NA,NA,NA,NA,NA,NA,NA,NA,NA,NA,NA,NA,NA,NA,Golden-fronted Woodpecker,GFWO
30,4110,NA,NA,NA,NA,NA,NA,NA,NA,NA,NA,NA,NA,NA,NA,NA,NA,NA,NA,Gila Woodpecker,GIWO
31,4140,NA,NA,NA,NA,NA,NA,NA,NA,NA,NA,NA,NA,NA,NA,NA,NA,NA,NA,Gilded Flicker,GIFL
32,4220,0.087198139,0.221791545,0.204395929,0.089219219,0.009825465,0.638019986,-0.053651171,0.578533978,0.046223696,-0.082020902,0.265571867,0.172962786,-0.027261813,0.619742444,0.037058046,-0.047539377,0.371907787,0.459969401,Black Swift,BLSW
33,4230,-0.149525301,5.77E-11,0.124181233,-0.095296336,1.91E-05,0.05492914,-0.092854582,9.14E-06,0.059030942,-0.061984054,0.001632458,0.030207392,-0.047186079,0.002283401,0.028358214,-0.014501314,0.358829709,0.222201938,Chimney Swift,CHSW
34,4240,-0.132429913,0.063328295,0.154720506,-0.044144579,0.593682079,0.013784025,0.06908273,0.351017218,0.041525065,-0.007793861,0.922580786,0.000460469,-0.015980124,0.364450228,0.039313142,-0.012371439,0.482827436,0.361514266,Vaux's Swift,VASW
35,4250,-0.119836822,0.179116609,0.05933696,-0.024041849,0.789772467,0.002406198,-0.033978389,0.640719323,0.007354824,-0.069493886,0.44427281,0.019639211,-0.007324036,0.686649409,0.005500476,-0.001970643,0.928424725,-0.167556545,White-throated Swift,WTSW
36,4280,-0.028399622,0.181130913,0.005874987,0.01116321,0.613997075,0.000837853,-0.025188992,0.182701839,0.005833019,-0.009139946,0.599482044,0.000908244,-0.008633503,0.557646962,0.001132124,-0.00124039,0.933675481,0.068895858,Ruby-throated Hummingbird,RTHU
37,4290,-0.069864109,0.35590627,0.024398066,0.044602386,0.576968113,0.008977597,0.035855788,0.604590594,0.007740809,-0.139193711,0.126346738,0.065479251,0.001850847,0.898778163,0.000468858,0.001695345,0.920074752,-0.004603245,Black-chinned Hummingbird,BCHU
38,4310,-0.416838355,0.00027265,0.404914872,-0.215712089,0.041932989,0.149726123,-0.292520362,0.031564116,0.165704134,-0.220524979,0.086770331,0.108622658,-0.070571471,0.064156396,0.12568876,-0.070126606,0.11136201,0.001020474,Anna's Hummingbird,ANHU
39,4320,0.038290672,0.787980634,0.003357392,0.233132286,0.094566584,0.121839655,0.174678137,0.201236399,0.073127643,-0.117868633,0.43888119,0.027476473,0.026226136,0.54189954,0.017149733,-0.03333418,0.424339309,0.278723352,Broad-tailed Hummingbird,BTLH
40,4330,-0.079557288,0.696859537,0.007749672,-0.377312803,0.015546858,0.259096607,0.185815674,0.275332306,0.05917392,0.149106932,0.329243392,0.047621581,-0.025649344,0.483747377,0.024825935,-0.037575608,0.12713953,0.59754901,Rufous Hummingbird,RUHU
41,4340,-0.287667367,0.32166291,0.194694411,-0.039593011,0.761445232,0.020148678,0.035163361,0.892577907,0.004020093,-0.090972569,0.762716921,0.019930058,0.041341661,0.527360546,0.084395913,0.013557407,0.939028983,0.057185547,Allen's Hummingbird,ALHU
42,4360,-0.048542882,0.444314464,0.034821377,-0.003881463,0.961642317,0.000140103,0.00855228,0.895371211,0.001047156,-0.119155342,0.101382225,0.149988426,0.005690939,0.832735494,0.002698316,-0.036877246,0.262016627,0.032847707,Calliope Hummingbird,CAHU
43,4430,0.192520352,0.102915934,0.066742218,-0.139669125,0.109589791,0.064324372,-0.216871321,0.0467154,0.097623128,-0.172186118,0.147867192,0.052932438,-0.060786318,0.024698698,0.12278789,-0.103271817,0.013001887,0.33080527,Scissor-tailed Flycatcher,STFL
44,4440,-0.104008906,0.000139282,0.038512796,-0.150050381,1.27E-17,0.179351915,-0.110839898,8.81E-06,0.052057362,-0.13753824,9.49E-09,0.085294027,-0.036558281,9.59E-09,0.085245246,0.016353368,0.042744509,0.255031665,Eastern Kingbird,EAKI
45,4450,0.148863172,0.393371689,0.247857274,0.02369555,0.001224985,0.979810423,0.251312458,0.226463175,0.434209297,-0.037961348,0.759629352,0.036075273,-0.119999822,0.802033048,0.02437327,-0.087589801,NA,NA,Gray Kingbird,GRAK
46,4460,NA,NA,NA,NA,NA,NA,NA,NA,NA,NA,NA,NA,NA,NA,NA,NA,NA,NA,Tropical Kingbird,TRKI
47,4461,NA,NA,NA,NA,NA,NA,NA,NA,NA,NA,NA,NA,NA,NA,NA,NA,NA,NA,Couch's Kingbird,COKI
48,4470,0.044243243,0.461337349,0.004493133,-0.172704471,0.013217193,0.049675142,-0.193042335,3.25E-05,0.133482733,-0.287881995,4.48E-06,0.160253415,-0.019246335,0.171722575,0.015381022,-0.000927127,0.945422593,0.242470724,Western Kingbird,WEKI
49,4480,-0.262894241,0.07302729,0.17682046,-0.019406717,0.903415743,0.00089163,-0.047379435,0.754275845,0.005917371,-0.234832301,0.176633713,0.10467485,-0.022191856,0.835088072,0.002621948,0.065214563,0.481306833,0.44194691,Cassin's Kingbird,CAKI
50,4490,NA,NA,NA,NA,NA,NA,NA,NA,NA,NA,NA,NA,NA,NA,NA,NA,NA,NA,Great Kiskadee,GKIS
51,4520,-0.016817616,0.432005382,0.001906758,-0.080591039,0.000312288,0.039374281,0.005804807,0.766744808,0.000271965,-0.02475667,0.165381521,0.005930762,-0.000871086,0.795035403,0.000208585,0.000583769,0.85559356,0.089317832,Great Crested Flycatcher,GCFL
52,4530,-0.082560529,0.822961371,0.0109956,0.168825599,0.629467772,0.050097951,-0.372304669,0.14961677,0.366654188,-0.215623528,0.573049834,0.067711274,-0.062247905,0.807857713,0.012977516,-0.058438687,0.552698462,0.993112276,Brown-crested Flycatcher,BCFL
53,4540,-0.171801735,0.04079462,0.076603541,-0.059911938,0.578700073,0.005855655,0.018684809,0.811202505,0.001086241,-0.020041611,0.822137294,0.000962038,-0.023464182,0.242991272,0.025629019,-0.026922467,0.215494742,0.073434023,Ash-throated Flycatcher,ATFL
54,4560,-0.139906433,6.36E-06,0.065768247,-0.102069145,8.87E-05,0.050004565,-0.148560607,3.31E-08,0.096868839,-0.077395513,0.002653839,0.029704575,-0.052568907,0.015771692,0.019271409,-0.051240622,0.00849994,0.377944978,Eastern Phoebe,EAPH
55,4570,-0.044947305,0.511442756,0.006366325,-0.016642346,0.785892644,0.001092597,-0.059213399,0.301182069,0.015711025,-0.085351289,0.199185338,0.024123053,-0.002898057,0.869707903,0.000398512,-0.006648586,0.713160528,0.059636816,Say's Phoebe,SAPH
56,4580,-0.295723874,0.014727325,0.200975769,-0.445013779,0.00207558,0.300596268,-0.147063084,0.303283101,0.039190521,-0.128604803,0.302488095,0.039317033,-0.062865537,0.10539847,0.094172596,-0.041634899,0.205930114,0.486136048,Black Phoebe,BLPH
57,4590,0.180803869,0.001329453,0.108713186,0.157099805,0.002527526,0.096879486,0.127209913,0.015895977,0.062896707,-0.135650022,0.036485998,0.047697333,0.030338706,0.004419411,0.086553202,-0.000905866,0.939789128,0.284717157,Olive-sided Flycatcher,OSFL
58,4610,-0.192388241,2.15E-16,0.194146304,-0.073775475,0.003278049,0.027287407,-0.157877195,2.05E-14,0.170676903,-0.06582941,0.001272741,0.032675321,-0.024231916,0.164038417,0.006177937,-0.010839811,0.503278829,0.182601635,Eastern Wood-Pewee,EAWP
59,4620,-0.13918139,0.033112311,0.051129469,0.084199546,0.224848284,0.016886094,-0.032432758,0.535339164,0.004432224,-0.034369647,0.613417291,0.002946217,0.017342282,0.201298786,0.018700213,-0.001892246,0.893648022,0.130627131,Western Wood-Pewee,WEWP
60,4630,0.014693578,0.845001517,0.001175176,0.029711696,0.693222948,0.004776222,-0.019675403,0.863778652,0.000905172,0.037111049,0.591803784,0.008807107,-0.058029581,0.42191813,0.019646703,-0.005485218,0.931195789,0.266431296,Yellow-bellied Flycatcher,YBFL
61,4640,0.143611039,0.208181208,0.067955575,0.205060573,0.067459509,0.138030134,-0.063958758,0.565461838,0.014570351,-0.009828915,0.934821475,0.000297127,0.018171923,0.535849985,0.016885991,0.014909695,0.630237257,0.046282105,Cordilleran Flycatcher,COFL
62,4641,-0.156082041,0.183590816,0.069610761,-0.111532087,0.350196622,0.034985992,0.043676619,0.698422989,0.006107186,0.101511746,0.490231562,0.019237181,-0.021216598,0.530250449,0.015945739,-0.029861446,0.429219194,0.110076974,Pacific-slope Flycatcher,PSFL
63,4650,-0.197657018,1.87E-06,0.103249052,0.120811105,0.003571032,0.039901111,-0.121010262,0.003185273,0.040859241,0.027132249,0.44901511,0.002745074,0.041783127,0.215493901,0.007330895,0.037868063,0.301849261,0.020561975,Acadian Flycatcher,ACFL
64,4660,-0.217635733,1.79E-11,0.158708998,-0.057913836,0.025684557,0.018852928,-0.006442819,0.832906364,0.000170198,-0.075256727,0.027630335,0.018379525,-0.004879255,0.533706855,0.001480081,0.001897413,0.852438985,0.054556485,Willow Flycatcher,WIFL
65,4661,0.043729456,0.43443175,0.00541585,-0.075258305,0.26051659,0.011190181,0.050540714,0.440512385,0.005274399,-0.053963412,0.258440143,0.011287594,-0.081997196,0.056963378,0.031696417,-0.089309003,0.00566235,0.475811554,Alder Flycatcher,ALFL
66,4670,-0.108829814,0.025857239,0.028213853,-0.154879588,5.70E-07,0.134248632,-0.031363414,0.528154867,0.002290965,-0.074287366,0.092849759,0.016146245,-0.055369064,0.00137977,0.057271245,-0.003050487,0.857155139,0.537147659,Least Flycatcher,LEFL
67,4680,0.204509334,0.096401974,0.095596974,-0.025747956,0.831374803,0.001647197,-0.064173869,0.580804347,0.011025339,0.064328605,0.62122664,0.008837218,0.000551652,0.978562087,2.63E-05,-0.015211649,0.486993632,0.035063664,Hammond's Flycatcher,HAFL
68,4690,0.042343614,0.619968385,0.006713991,0.035598114,0.696461083,0.004160216,-0.131843672,0.097229239,0.072572144,-0.139077121,0.17338058,0.049504872,-0.006276076,0.749010021,0.002800315,-0.021196286,0.385734627,0.203462018,Dusky Flycatcher,DUFL
69,4691,-0.124020118,0.25289931,0.080820384,-0.180227132,0.120119699,0.144192334,-0.129278748,0.175407022,0.111623819,-0.227943736,0.051360957,0.217018146,-0.042734418,0.042290387,0.23333708,-0.081091615,0.059379281,0.138384617,Gray Flycatcher,GRFL
70,4710,-0.227260436,0.311839828,0.101898259,-0.062039647,0.788178481,0.007559237,-0.108045754,0.597587553,0.028862775,-0.241658369,0.216909088,0.147994916,-0.060117516,0.349174077,0.087981307,-0.076114959,0.435093282,-0.312675411,Vermilion Flycatcher,VEFL
71,4740,0.002015373,0.95838679,9.71E-06,0.108944117,0.000483964,0.04248079,0.026054246,0.529923825,0.00140556,0.030213814,0.456633582,0.001973567,0.010812039,0.113071912,0.008911023,0.004515369,0.518461116,0.250069586,Horned Lark,HOLA
72,4750,-0.196726534,0.010283198,0.101532353,-0.135722631,0.079014994,0.04892276,-0.231177497,0.001437334,0.152220693,-0.077173824,0.376612216,0.012630108,0.000290072,0.984353243,6.25E-06,0.008233889,0.587728458,0.15799475,Black-billed Magpie,BBMA
73,4760,0.002336921,0.840923738,0.006160396,-0.017466673,0.077574916,0.378988449,-0.01451336,0.241034373,0.189878372,0.017082809,0.096121715,0.345307579,-0.021101647,0.077621177,0.378896474,-0.014075846,0.230466574,0.577275029,Yellow-billed Magpie,YBMA
74,4770,-0.02008823,0.196436658,0.004946619,-0.130398483,1.81E-30,0.323702947,-0.128024216,1.82E-23,0.256302021,-0.098388249,1.14E-14,0.162416713,-0.070432705,3.10E-23,0.253967827,-0.017826206,0.009051098,0.534717262,Blue Jay,BLJA
75,4780,-0.028376891,0.777834703,0.001828181,0.009367727,0.929651781,0.000179142,0.109747017,0.221019598,0.033841491,0.076982594,0.516929199,0.009608349,-0.001083808,0.948838704,9.46E-05,-0.014300645,0.351995856,0.293030891,Steller's Jay,STJA
76,4790,NA,NA,NA,NA,NA,NA,NA,NA,NA,NA,NA,NA,NA,NA,NA,NA,NA,NA,Florida Scrub-Jay,FLSJ
77,4810,-0.198046706,0.049626762,0.095239738,-0.075105928,0.55133366,0.009175823,0.0632033,0.5281441,0.010282436,0.014664031,0.883929931,0.00055338,-0.003776873,0.808539731,0.001523753,0.01364808,0.424562786,0.132871867,Western Scrub-Jay,WESJ
78,4830,NA,NA,NA,NA,NA,NA,NA,NA,NA,NA,NA,NA,NA,NA,NA,NA,NA,NA,Green Jay,GREJ
79,4840,-0.067220202,0.284630485,0.036833514,0.045523789,0.571405427,0.010446333,0.003871569,0.94971842,0.000130355,-0.02254136,0.785992767,0.002413862,0.021457409,0.173745479,0.058850482,0.015406061,0.42907371,0.08459302,Gray Jay,GRAJ
80,4860,0.096397258,0.009524792,0.033968069,0.142419679,0.000217555,0.067883198,0.064552187,0.109318737,0.013096146,-0.043610516,0.3789455,0.003972125,0.009432511,0.321581739,0.005038668,-0.024863136,0.013775616,0.240609864,Common Raven,CORA
81,4870,-0.180182875,0.171517825,0.12919517,-0.057025813,0.665846238,0.013709897,-0.015574808,0.92050041,0.000737053,0.035074335,0.822466702,0.003719619,0.003134261,0.96077647,0.000179017,0.053242964,0.501517942,-0.229040849,Chihuahuan Raven,CHRA
82,4880,-0.053581205,0.012349533,0.015207463,-0.184098758,5.04E-42,0.36341198,-0.164836841,1.20E-19,0.182349286,-0.164712013,8.84E-18,0.16518882,-0.052771057,3.95E-28,0.256243638,-0.012684508,0.016496304,0.463459678,American Crow,AMCR
83,4890,NA,NA,NA,NA,NA,NA,NA,NA,NA,NA,NA,NA,NA,NA,NA,NA,NA,NA,Northwestern Crow,NOCR
84,4900,0.072695054,0.202472316,0.013846823,-0.078660593,0.128490567,0.019638164,0.043609915,0.458719715,0.004701452,0.006268316,0.885805828,0.000177019,-0.087088095,0.056681216,0.030693768,0.03606786,0.443977108,0.224396113,Fish Crow,FICR
85,4910,-0.083889131,0.335820598,0.033116378,-0.067438873,0.50786534,0.015814697,0.03092584,0.721705908,0.004601824,-0.005967262,0.952974811,0.000126431,0.019070785,0.571098984,0.011597264,-0.012303152,0.762362032,0.010745454,Clark's Nutcracker,CLNU
86,4920,-0.036769813,0.821928816,0.002889145,0.012579538,0.932657205,0.000407785,-0.150686716,0.123681188,0.126575986,0.021466003,0.880825312,0.001283045,-0.031849513,0.088747345,0.152451821,-0.050085141,0.28364555,0.289014036,Pinyon Jay,PIJA
87,4930,-0.118536782,5.92E-11,0.096436943,-0.111054967,5.99E-18,0.161702508,-0.113346997,5.37E-12,0.106431905,-0.09052592,2.79E-07,0.060552929,-0.028668311,1.43E-12,0.111900097,-0.003520402,0.48878673,0.227553566,European Starling,EUST
88,4940,-0.216460452,2.61E-06,0.119509467,-0.094179011,0.00255706,0.051093214,-0.11833988,0.010334648,0.037193812,-0.080536334,0.051858226,0.021552825,-0.007576029,0.473619598,0.002955372,0.031601509,0.010738558,0.300150017,Bobolink,BOBO
89,4950,-0.130369014,2.37E-16,0.145588457,-0.056048536,3.34E-06,0.049294672,-0.054057379,0.000348524,0.029474341,-0.041125284,0.010271993,0.015290303,-0.00677429,0.019299153,0.012723493,-8.14E-05,0.980123144,0.081018999,Brown-headed Cowbird,BHCO
90,4960,0.101660512,0.72542613,0.014381784,0.158406374,0.603694886,0.031146491,-0.261712276,0.191247114,0.181596551,-0.203455692,0.481326575,0.056557202,-0.048462378,0.343078822,0.100140539,0.00019349,0.998202852,-0.51926152,Bronzed Cowbird,BROC
91,4970,-0.068059363,0.263266124,0.015618448,-0.172276079,0.066654907,0.041424377,-0.186349703,0.005384971,0.09282458,-0.220366253,0.006777071,0.088085553,-0.0320686,0.041514469,0.050918214,-0.008908155,0.582513981,0.272466834,Yellow-headed Blackbird,YHBL
92,4980,-0.044769084,0.003100046,0.020348534,-0.061930669,1.38E-08,0.072900948,-0.086346666,2.22E-10,0.090289883,-0.048044064,0.001047337,0.024929405,-0.019604845,7.04E-09,0.075762784,-0.002896206,0.515384331,0.149193937,Red-winged Blackbird,RWBL
93,5000,-0.001046227,0.993385038,5.49E-06,0.000562313,0.995577338,2.46E-06,0.030132201,0.815479432,0.004343674,0.009690386,0.931746128,0.000586208,-0.003564153,0.929874205,0.000618877,0.074800228,0.208597051,0.086298082,Tricolored Blackbird,TRBL
94,5010,-0.114359708,1.48E-05,0.055502749,-0.025507068,0.166239575,0.005817192,-0.056489309,0.016087197,0.017481014,-0.052076223,0.019436782,0.016488928,-0.002154203,0.804348939,0.000186791,0.010779556,0.406714414,0.113715093,Eastern Meadowlark,EAME
95,5011,-0.057405391,0.222236227,0.00831184,0.07562369,0.142449283,0.011979682,-0.09084962,0.088755823,0.016097451,-0.049300216,0.393483104,0.00407095,0.008079036,0.467782348,0.002949184,-0.00088499,0.938135812,0.241840625,Western Meadowlark,WEME
96,5040,-0.312729823,0.023424565,0.281750081,-0.425115568,0.002404707,0.447365083,-0.145825062,0.24701935,0.082765484,-0.125067209,0.341808121,0.05659525,-0.179055159,0.032191698,0.255936699,-0.176393646,0.026525793,0.451604537,Scott's Oriole,SCOR
97,5050,-0.004655868,0.950130211,0.000312634,0.009031503,0.877370488,0.001901425,-0.104424953,0.121412892,0.174400286,-0.022444008,0.729130985,0.009539149,-0.01567607,0.417594953,0.051159784,-0.039541838,0.201414525,-0.173172039,Hooded Oriole,HOOR
98,5060,-0.11689926,0.001132603,0.039127668,-0.041086759,0.160684216,0.007384163,0.029929493,0.350127987,0.003282703,-0.085265933,0.006243466,0.027775001,-0.032823808,0.05173911,0.0141519,0.020403297,0.310556865,0.224552459,Orchard Oriole,OROR
99,5070,-0.306950915,4.24E-24,0.315471899,-0.175931256,2.15E-08,0.109433963,-0.135170331,2.70E-06,0.078173715,-0.02470129,0.368766599,0.002981921,-0.07074211,0.000442906,0.044600615,-0.064544128,0.00107276,0.266297571,Baltimore Oriole,BAOR
100,5080,-0.137536094,0.044537432,0.041809176,-0.160476989,0.033281359,0.046816666,-0.127243014,0.011182035,0.065837129,-0.213304399,0.001476999,0.101426536,-0.012568118,0.414105927,0.007033038,0.004139152,0.799622429,0.055658744,Bullock's Oriole,BUOR
101,5090,-0.016022945,0.53001043,0.051100393,0.039740961,0.077889746,0.33807951,-0.019204346,0.323008721,0.121774019,0.012425324,0.635519918,0.029440496,-0.02451416,0.597646264,0.036374254,-0.030298125,0.358606644,0.680763601,Rusty Blackbird,RUBL
102,5100,-0.054541923,0.29059085,0.009225799,0.043075878,0.507221709,0.003643058,-0.000415574,0.992564278,7.21E-07,-0.207512739,0.000982914,0.086175346,0.009629377,0.3893463,0.0061303,0.00252945,0.843394885,-0.006832895,Brewer's Blackbird,BRBL
103,5110,-0.095774686,9.38E-07,0.063685624,-0.160854835,1.06E-40,0.386248359,-0.169787309,2.73E-23,0.236945078,-0.118232395,4.32E-12,0.122999956,-0.010820474,7.82E-11,0.109290017,-0.002939684,0.033684697,0.448859703,Common Grackle,COGR
104,5120,0.156380341,0.054086214,0.08174082,0.169026291,0.070954101,0.072210872,0.048440687,0.655654059,0.004560417,0.056813744,0.562227605,0.007690671,0.001620337,0.914399106,0.000265566,-0.008262265,0.485786404,0.445548511,Great-tailed Grackle,GTGR
105,5130,0.250035891,0.047786624,0.142349379,-0.26866254,0.154100168,0.076540895,-0.221046566,0.043249353,0.147982427,-0.052112743,0.688572604,0.006278344,-0.133659619,0.123288711,0.088903678,0.045766605,0.620125685,0.312586523,Boat-tailed Grackle,BTGR
106,5140,-0.042967532,0.298210423,0.013352923,-0.044381555,0.258876313,0.01571033,-0.053093894,0.169641825,0.023156816,-0.100136704,0.024109699,0.061230993,-0.019244902,0.005115058,0.092773784,-0.026211654,0.00160036,0.215035691,Evening Grosbeak,EVGR
107,5150,0.082801403,0.705994752,0.030937843,0.49255417,0.328196809,0.190042956,-0.495717168,0.181231657,0.325279369,-0.242676523,0.489565483,0.100010587,0.093654873,0.33837308,0.182986727,-0.738354932,0.103229267,0.924855807,Pine Grosbeak,PIGR
108,5170,-0.019947749,0.63916565,0.001645337,0.00843693,0.788971994,0.000536438,0.061544361,0.083723721,0.02215574,-0.044087262,0.34937885,0.006538113,0.0152799,0.441763742,0.004422341,-0.016969733,0.43141133,0.178933373,Purple Finch,PUFI
109,5180,0.09203253,0.316885301,0.032305334,0.153940509,0.104800146,0.08262445,-0.107056397,0.162556032,0.061928999,-0.208446578,0.033623177,0.137519305,0.040043716,0.157755061,0.063321676,0.011111612,0.748168096,0.072934304,Cassin's Finch,CAFI
110,5190,-0.149621278,2.51E-09,0.089379569,-0.001819667,0.922020321,2.52E-05,-0.004610252,0.837832621,0.000110372,0.117461485,7.24E-07,0.062644488,0.009516499,0.098969073,0.007147127,0.008419163,0.2513369,0.015255953,House Finch,HOFI
111,5210,-0.023436,0.686111294,0.002219621,0.145261127,0.015693677,0.07633687,0.142828111,0.003505783,0.109486025,-0.021004921,0.731235202,0.001603851,0.030705969,0.008423254,0.090109367,0.006401809,0.565451424,0.317045436,Red Crossbill,RECR
112,5220,-0.022260301,0.479477807,0.057021602,-0.000974764,0.978273128,8.71E-05,-0.052252761,0.267766506,0.134233454,0.022556259,0.536757409,0.043816437,-0.030388243,0.297702226,0.119518147,-0.035625813,0.297668436,0.011605581,White-winged Crossbill,WWCR
113,5290,-0.258433991,4.85E-22,0.230504108,-0.178484393,1.45E-25,0.26450959,-0.162684828,2.04E-13,0.140850748,-0.099630719,3.46E-05,0.047082181,-0.023244625,4.00E-06,0.058059377,0.008801856,0.056719243,0.462507429,American Goldfinch,AMGO
114,5300,-0.191733161,0.022338431,0.096366306,-0.050136892,0.606441034,0.005139688,-0.007634266,0.925979835,0.000167573,-0.118953908,0.174714411,0.035132654,-0.004751413,0.189413808,0.032884875,-0.006147947,0.102288902,0.106192609,Lesser Goldfinch,LEGO
115,5310,-0.020084484,0.94174626,0.001178859,-0.069503263,0.759034286,0.020566628,-0.27161328,0.314588145,0.199841374,-0.294761898,0.159727958,0.352712932,-0.349149771,0.242676002,0.259702084,-0.332800618,0.715041026,-1.858482222,Lawrence's Goldfinch,LAGO
116,5330,0.168253331,0.001598001,0.091760196,0.209497343,0.000162181,0.12840696,0.122605639,0.010031106,0.062041365,-0.101666587,0.084791656,0.028292603,0.030195154,0.003873199,0.077436087,-0.004896768,0.639371299,0.312225137,Pine Siskin,PISI
117,5380,-0.233693885,0.308522955,0.170987226,-0.6870006,0.092392718,0.400062961,-0.300432677,0.182905111,0.27418087,-0.087208111,0.739014901,0.019895599,-1.784444364,0.13844311,0.327226273,-1.317934704,0.235616591,0.719336027,Chestnut-collared Longspur,CCLO
118,5390,-0.193701765,0.393028955,0.248166451,-0.006015195,0.961932883,0.000894148,0.231428764,0.129998778,0.588646389,0.212295299,0.513231485,0.154168674,0.091213611,0.011991973,0.908966473,0.099474194,NA,NA,McCown's Longspur,MCLO
119,5400,-0.123984994,0.002557257,0.037127285,0.113811529,0.000675619,0.046909912,0.027942092,0.513504052,0.001773557,0.051777219,0.204345351,0.006676312,0.026503007,0.003295789,0.035271289,0.015622855,0.111929058,0.305665544,Vesper Sparrow,VESP
120,5420,-0.193803137,5.22E-07,0.106551288,-0.026691818,0.419858083,0.002907222,-0.080130874,0.03488002,0.019718045,-0.036527946,0.395440476,0.00322586,0.003791873,0.701566044,0.00065682,0.017377256,0.143122327,0.213425361,Savannah Sparrow,SAVS
121,5450,-0.056893805,0.781815722,0.010152191,-0.356102291,0.025752228,0.482726643,-0.129563581,0.498269069,0.059171822,-0.568814279,0.006509553,0.624601845,-0.103381211,0.070070376,0.353069722,-0.298225734,0.190414176,0.586231552,Baird's Sparrow,BAIS
122,5460,-0.193615455,6.79E-09,0.112865438,-0.03294746,0.174149935,0.006562499,-0.095281839,0.003050852,0.030805204,-0.073664083,0.017018767,0.020096255,-0.003012982,0.26053008,0.004502969,-0.000760519,0.786756986,0.042873888,Grasshopper Sparrow,GRSP
123,5470,-0.0225872,0.289418277,0.015792923,-0.062339061,0.005067138,0.105430646,-0.011783794,0.686167314,0.002313088,-0.000837037,0.958595694,3.82E-05,-0.024687638,0.118800124,0.033921362,-0.034009814,0.055414585,0.001649451,Henslow's Sparrow,HESP
124,5480,-0.075872062,0.423927657,0.03586039,0.036664576,0.715540517,0.007556973,0.156561484,0.281940851,0.063979183,-0.039671098,0.744871619,0.006030106,-0.013278973,0.875003422,0.001412437,0.070043361,0.326148314,0.495123581,Le Conte's Sparrow,LCSP
125,5490,NA,NA,NA,NA,NA,NA,NA,NA,NA,NA,NA,NA,NA,NA,NA,NA,NA,NA,Saltmarsh Sharp-tailed Sparrow,SSTS
126,5491,0.058318803,0.745324326,0.018920615,-0.172431053,0.280825914,0.189648485,-0.12192852,0.416976878,0.11236569,0.060590877,0.687938299,0.0287847,-0.119690198,0.157988557,0.302327662,0.059041673,0.388370817,0.865942301,Nelson's Sharp-tailed Sparrow,NSTS
127,5500,-0.691894669,0.102707523,0.381534942,0.187639935,0.526199568,0.070126099,-0.890396035,0.041256075,0.527706724,-0.224682731,0.51906074,0.072483593,-0.312833453,0.384901767,0.127660602,-0.398304533,0.109148509,0.921177965,Seaside Sparrow,SESP
128,5520,-0.061877905,0.227720597,0.009816114,0.091094811,0.120712197,0.016193093,-0.235624041,0.000571839,0.077291268,-0.058847684,0.34444929,0.006041302,-0.013308582,0.274097715,0.00807646,-0.036537969,0.003256441,0.2488783,Lark Sparrow,LASP
129,5540,0.212605008,0.106092497,0.07497868,0.305200791,0.029287218,0.132178914,0.155413327,0.205147289,0.046782886,-0.064774814,0.697147358,0.004510358,0.062736118,0.006832826,0.196128939,0.030006597,0.10199999,0.517129993,White-crowned Sparrow,WCSP
130,5580,-0.111150779,0.234648837,0.019560111,-0.00680654,0.950595432,5.37E-05,0.184790378,0.078074684,0.042488802,0.131152514,0.153112199,0.028140306,-0.02990418,0.604903123,0.003736454,-0.084235576,0.022259325,0.65580465,White-throated Sparrow,WTSP
131,5600,-0.160961385,2.34E-10,0.102204411,-0.063350401,0.000381817,0.033309333,-0.203704497,9.48E-22,0.218464746,-0.063187191,0.006381403,0.019773159,-0.017987377,0.001554289,0.026522686,-0.000676615,0.917029335,0.282086546,Chipping Sparrow,CHSP
132,5610,-0.192384567,0.041190006,0.077738467,-0.171579038,0.00686544,0.132271883,-0.194102064,0.067861869,0.062680732,-0.134791231,0.104317071,0.049934179,-0.046132759,0.061906237,0.065434884,0.004212345,0.868323936,0.445820527,Clay-colored Sparrow,CCSP
133,5620,-0.10712115,0.201631162,0.036785735,0.033512668,0.67510788,0.004030313,-0.003612879,0.95690855,6.71E-05,-0.127523261,0.127847164,0.051896417,-0.00335213,0.897588871,0.000380723,-0.014279027,0.596407045,0.156181908,Brewer's Sparrow,BRSP
134,5630,-0.326772778,2.40E-28,0.333501599,-0.122385934,2.75E-06,0.070537777,-0.22703621,2.06E-17,0.213289499,-0.079239567,0.002740277,0.029418028,-0.071865228,0.000182291,0.045537073,-0.049766592,0.014874651,0.181064039,Field Sparrow,FISP
135,5650,-0.23064775,0.55551001,0.060966207,-0.028089211,0.931271664,0.001346011,-0.219297757,0.382718435,0.128757792,0.353617662,0.386390427,0.126916766,-0.096763974,0.452879644,0.096926325,-0.245211169,0.686332611,0.05259154,Black-chinned Sparrow,BCSP
136,5730,0.065696866,0.591789681,0.010037341,-0.080567694,0.526440788,0.013978126,-0.059859077,0.546785209,0.012657643,0.04671718,0.697794045,0.005275597,0.002414529,0.971255099,4.56E-05,-0.013973816,0.841307279,0.009542376,Black-throated Sparrow,BTSP
137,5740,0.155612526,0.250931133,0.068735499,0.138516181,0.339841257,0.048029729,0.014040652,0.87570256,0.00132118,0.014695199,0.908479471,0.00071381,0.061322411,0.308086978,0.054580932,0.069045729,0.440269832,-0.243671003,Sage Sparrow,SAGS
138,5750,-0.046453309,0.593359777,0.007998737,-0.113396939,0.292528204,0.030723728,-0.046823413,0.602703442,0.007602179,-0.003582122,0.96299926,6.06E-05,0.086091449,0.60903851,0.00734051,0.118133396,0.432930097,0.314951503,Bachman's Sparrow,BACS
139,5760,NA,NA,NA,NA,NA,NA,NA,NA,NA,NA,NA,NA,NA,NA,NA,NA,NA,NA,Botteri's Sparrow,BOSP
140,5780,-0.293028869,0.017370223,0.180006192,-0.416430727,5.86E-05,0.432239044,-0.210352922,0.075784579,0.104702233,-0.396994959,0.002865525,0.267858306,-0.202206061,0.000578632,0.339822108,-0.14336804,0.01126856,0.488799685,Cassin's Sparrow,CASP
141,5800,0.088754781,0.596053248,0.01687711,-0.192182243,0.354553435,0.050589923,-0.180631687,0.400162807,0.0419688,-0.091865899,0.558073427,0.020565933,-0.134315127,0.113756797,0.140550338,-0.061873786,0.548449042,0.149394959,Rufous-crowned Sparrow,RCSP
142,5810,-0.187847826,1.89E-12,0.138168018,-0.130143749,2.70E-11,0.124614694,-0.151447469,1.95E-10,0.114383784,-0.142643343,5.68E-08,0.084567443,-0.029365779,9.96E-07,0.069255798,-0.009251644,0.184120371,0.309666878,Song Sparrow,SOSP
143,5830,0.207246794,0.002186964,0.238091399,0.233935713,0.037730315,0.11759349,0.118401597,0.155510596,0.056787404,-0.178709313,0.102665772,0.074287493,0.029820454,0.060296488,0.097216581,0.004837655,0.763130022,0.36923892,Lincoln's Sparrow,LISP
144,5840,-0.079187059,0.107713094,0.020568014,-0.070750783,0.22711368,0.011649123,-0.064756108,0.290106095,0.008948609,-0.066150394,0.153658892,0.016216626,-0.061567785,0.082082671,0.02398969,-0.055386371,0.092791118,0.163007115,Swamp Sparrow,SWSP
145,5850,0.094090455,0.498621458,0.02013842,0.174871611,0.200176867,0.070314787,-0.160359772,0.194416897,0.072078268,-0.204879376,0.172076177,0.079506364,0.000435405,0.984541812,1.67E-05,-0.025286803,0.153531572,0.462675263,Fox Sparrow,FOSP
146,5860,NA,NA,NA,NA,NA,NA,NA,NA,NA,NA,NA,NA,NA,NA,NA,NA,NA,NA,Olive Sparrow,OLSP
147,5870,-0.072192176,0.021028266,0.017857006,0.086274985,0.008738229,0.022998843,-0.112054689,9.26E-05,0.050401274,0.015753513,0.551072118,0.001201982,0.000945218,0.969192198,5.05E-06,-0.013582101,0.532795929,0.306603152,Eastern Towhee,EATO
148,5880,-0.223433461,0.003228378,0.111302788,-0.120608202,0.154153486,0.027248843,0.163745181,0.00533138,0.100230366,0.067355537,0.385896289,0.010176598,-0.002473273,0.869412574,0.000367664,-0.009091644,0.525652174,0.223092711,Spotted Towhee,SPTO
149,5900,-0.056331119,0.577806306,0.009203845,0.183842213,0.064514027,0.096958279,0.135376566,0.141931668,0.062344314,-0.054548612,0.611242274,0.007681944,0.066320701,0.066259272,0.09577127,0.022861512,0.55270391,0.24604652,Green-tailed Towhee,GTTO
150,5910,0.004164725,0.98006716,4.03E-05,0.014148969,0.922712668,0.000606748,-0.017460182,0.898281051,0.001053173,0.124350801,0.427293766,0.039816117,-0.032699959,0.740993118,0.007020207,-0.089555296,0.333993301,0.415657405,Canyon Towhee,CANT
151,5911,-0.316223619,0.106950928,0.154220308,-0.305328316,0.006754829,0.376567416,-0.283233348,0.251032429,0.081432336,0.16067777,0.468645501,0.033294273,-0.355491659,0.001012629,0.50112688,-0.227272146,0.127681939,0.448694809,California Towhee,CALT
152,5920,NA,NA,NA,NA,NA,NA,NA,NA,NA,NA,NA,NA,NA,NA,NA,NA,NA,NA,Abert's Towhee,ABTO
153,5930,-0.136812324,1.37E-10,0.122812869,-0.074193311,2.82E-05,0.054228986,-0.070673743,0.000271867,0.041269893,-0.016227422,0.367503907,0.002578818,-0.034466529,0.007639491,0.022372536,-0.025453195,0.048709179,0.315159352,Northern Cardinal,NOCA
154,5940,0.022796208,0.933945154,0.000913496,-0.226741224,0.337484243,0.115126318,0.281124701,0.281318223,0.142977203,0.225109076,0.323415186,0.121582704,0.004810811,0.958860541,0.000353939,-0.001759687,0.981427535,0.42580446,Pyrrhuloxia,PYRR
155,5950,-0.190625588,3.11E-06,0.105275236,-0.122085932,0.003687748,0.042210612,-0.015143508,0.692554731,0.000799338,-0.061361127,0.089674495,0.014624431,-0.048514028,0.138211459,0.011178723,-0.039236548,0.137877483,0.393687378,Rose-breasted Grosbeak,RBGR
156,5960,-0.142023335,0.040642943,0.050119447,0.024875311,0.747426106,0.00127164,0.078093957,0.154206484,0.024601231,-0.002464265,0.972151268,1.50E-05,0.015365423,0.275084252,0.014509481,-0.001152649,0.934161695,0.207232149,Black-headed Grosbeak,BHGR
157,5970,-0.23300414,4.92E-09,0.159091945,-0.014401781,0.624505856,0.00121235,0.016573882,0.66941316,0.000922555,-0.06173812,0.122894812,0.01197842,0.0038721,0.743045776,0.00054399,0.045227394,0.011052758,0.076103747,Blue Grosbeak,BLGR
158,5980,-0.22671405,1.51E-16,0.186841989,-0.170871404,4.04E-20,0.225962121,-0.210612254,1.37E-18,0.209431733,-0.170478475,1.54E-13,0.152477533,-0.094425442,1.73E-11,0.12832517,-0.011781005,0.429482923,0.379514749,Indigo Bunting,INBU
159,5990,-0.172136405,0.011353702,0.09320593,-0.089873264,0.229756992,0.021779224,0.090438041,0.153610481,0.030604744,-0.005689144,0.936533235,9.68E-05,0.01126826,0.404222412,0.010565233,0.0002979,0.983602202,0.075961277,Lazuli Bunting,LAZB
160,6000,NA,NA,NA,NA,NA,NA,NA,NA,NA,NA,NA,NA,NA,NA,NA,NA,NA,NA,Varied Bunting,VABU
161,6010,-0.119691899,0.270815152,0.033576728,-0.030428115,0.713970751,0.003776772,-0.065944741,0.550781791,0.009974681,0.030446815,0.780181918,0.002191365,-0.046608362,0.669471559,0.005119294,-0.260722558,0.161121382,0.140769331,Painted Bunting,PABU
162,6040,-0.174962199,0.000794337,0.066126618,-0.142484036,0.00014485,0.084025408,-0.221464403,4.81E-06,0.119374846,-0.130372787,0.003997246,0.049117011,-0.078488223,4.59E-05,0.096044507,-0.061883554,0.021818992,0.159318106,Dickcissel,DICK
163,6050,-0.256912199,0.005114605,0.161470175,-0.167961991,0.067974807,0.072117151,-0.179031322,0.020367111,0.113860574,-0.18312653,0.077740596,0.067524787,-0.04398147,0.033447207,0.096625922,-0.066586522,0.012038063,0.21634446,Lark Bunting,LARB
164,6070,-0.123752593,0.085058954,0.041769239,-0.057654651,0.495856413,0.006650872,0.054205618,0.383943476,0.010847395,-0.021141484,0.790735839,0.001012602,0.003047018,0.836870599,0.000609783,-0.02349764,0.073679513,0.324002034,Western Tanager,WETA
165,6080,-0.11169128,0.00777462,0.027453526,0.118248891,0.002015944,0.036772031,-0.178478505,9.25E-08,0.106029634,-0.000951908,0.976500704,3.41E-06,-0.004717389,0.869777623,0.0001056,-0.008125179,0.751955714,0.232263174,Scarlet Tanager,SCTA
166,6090,-0.098524993,0.630381333,0.041049287,0.007155344,0.974763573,0.0001812,0.020565816,0.893826358,0.003220296,0.270884221,0.114539594,0.362041261,-0.028872413,0.865535548,0.005178591,-0.781628218,0.269923364,0.151134314,Hepatic Tanager,HETA
167,6100,-0.207722995,0.000118275,0.093775748,-0.074027776,0.034335722,0.029314866,-0.082235315,0.067384555,0.021984439,-0.044001161,0.302489841,0.007039407,-0.086691217,0.003778117,0.054205233,-0.128063946,0.00028934,0.391160189,Summer Tanager,SUTA
168,6110,0.029087674,0.395523017,0.002423592,-0.066799647,0.003669259,0.027973067,0.043440865,0.170610324,0.00629128,-0.049132257,0.091999603,0.00949755,-0.02442809,0.01705481,0.018946621,0.013609732,0.212318708,0.368279332,Purple Martin,PUMA
169,6120,0.084197833,0.012229848,0.021231911,0.044006145,0.121570163,0.008161278,0.099273497,0.002497589,0.030772333,0.011361615,0.769446345,0.000293656,0.018537196,0.015915914,0.019674362,0.010948013,0.246914131,0.120651646,Cliff Swallow,CLSW
170,6121,NA,NA,NA,NA,NA,NA,NA,NA,NA,NA,NA,NA,NA,NA,NA,NA,NA,NA,Cave Swallow,CASW
171,6130,-0.232896604,2.68E-32,0.280904457,-0.116463337,9.62E-15,0.131751106,-0.102317977,1.05E-07,0.064449063,-0.064987227,0.001571916,0.023264159,-0.033201368,3.01E-11,0.09882058,-0.011857998,0.05519352,0.203656743,Barn Swallow,BARS
172,6140,-0.028779164,0.39368586,0.002218989,-0.043839841,0.05900589,0.010826763,-0.025423934,0.374636711,0.002403903,0.005830351,0.848937791,0.000110773,-0.010035591,0.070965698,0.009906432,-0.004202097,0.430755505,0.374901587,Tree Swallow,TRES
173,6150,-0.134731818,0.077858732,0.043746338,0.232263247,0.008658876,0.094397766,0.143383479,0.027225089,0.067755734,0.00691371,0.934300448,9.78E-05,0.050661475,0.005093199,0.106744105,0.023834269,0.182248335,0.222583369,Violet-green Swallow,VGSW
174,6160,-0.072232414,0.015718169,0.026111487,-0.017567914,0.390168254,0.003343221,0.003428192,0.91251613,5.47E-05,0.001374302,0.960295856,1.12E-05,-0.000241622,0.97079743,6.08E-06,0.010812307,0.203340055,0.149116226,Bank Swallow,BANS
175,6170,-0.122381696,4.42E-08,0.073660936,-0.054965485,0.001028929,0.027146393,0.013129162,0.526935456,0.001021949,-0.018026327,0.415429762,0.001692582,-0.009342217,0.123510154,0.006041018,-0.000787983,0.923524325,0.022133472,Northern Rough-winged Swallow,NRWS
176,6190,-0.213814517,8.94E-11,0.128168585,-0.158697782,5.31E-14,0.168644442,-0.091961032,0.000509387,0.038648978,-0.077756452,0.007092207,0.023374789,-0.040162147,4.49E-07,0.079748213,-0.008608534,0.24004443,0.57144193,Cedar Waxwing,CEDW
177,6200,-0.056643999,0.708783482,0.011088371,-0.126816022,0.532065156,0.030725622,-0.012465437,0.934421424,0.000541065,0.020047482,0.935444954,0.000524275,-0.100178035,0.053817347,0.25691085,-0.110254353,0.170617854,0.127146197,Phainopepla,PHAI
178,6220,0.017482811,0.66021718,0.000922053,0.076063741,0.014457868,0.028146679,0.191593238,1.31E-05,0.086661681,0.020370405,0.631001491,0.001100608,0.031617413,0.001969487,0.044687417,0.015035118,0.206756088,0.279109011,Loggerhead Shrike,LOSH
179,6240,-0.079629096,0.010111155,0.019073927,-0.115118459,6.69E-08,0.081369204,-0.198535226,3.60E-15,0.164912948,-0.084589097,0.001608724,0.028550139,-0.066686171,8.25E-10,0.103944143,-0.019798732,0.117136765,0.307211286,Red-eyed Vireo,REVI
180,6260,-0.016772044,0.721648719,0.006170115,0.000241269,0.996840971,7.64E-07,-0.015965882,0.791957107,0.003387105,-0.061385724,0.254939684,0.06123875,-0.018851444,0.486752927,0.023310797,0.0197765,0.584614782,0.216467975,Philadelphia Vireo,PHVI
181,6270,-0.122369857,0.000493299,0.039726072,0.012697043,0.607302785,0.000881484,-0.020970252,0.475880933,0.00169568,-0.073653141,0.020509925,0.017763348,0.002146522,0.712049285,0.000454783,-0.002600354,0.689019713,0.06540835,Warbling Vireo,WAVI
182,6280,-0.023561633,0.464165097,0.00193603,-0.020534248,0.517594199,0.001513081,0.033818107,0.232836838,0.00513485,-0.038129054,0.145873694,0.007619546,0.005253141,0.810829486,0.00020718,0.024865464,0.246645457,0.135096291,Yellow-throated Vireo,YTVI
183,6290,-0.016236734,0.742835278,0.000931594,-0.020548305,0.575177584,0.002715723,-0.046604376,0.315730821,0.008676746,0.067066505,0.206204569,0.013738967,-0.026807706,0.141679494,0.018524011,-0.039174291,0.060448296,0.399736274,Blue-headed Vireo,BHVI
184,6291,-0.068333329,0.484245289,0.016446504,-0.019490069,0.839029986,0.001397585,-0.202773586,0.020258049,0.166917256,-0.061561312,0.584503254,0.010083179,-0.015644031,0.374537305,0.026371871,-0.021902461,0.271544975,0.062005727,Plumbeous Vireo,PLVI
185,6292,-0.037901815,0.742788407,0.00438496,0.071230046,0.528399445,0.016088563,-0.033872431,0.749196532,0.004162149,-0.020091253,0.878008014,0.000960997,0.003816718,0.920145186,0.000410044,-0.015938528,0.754857339,0.022069244,Cassin's Vireo,CAVI
186,6300,NA,NA,NA,NA,NA,NA,NA,NA,NA,NA,NA,NA,NA,NA,NA,NA,NA,NA,Black-capped Vireo,BCVI
187,6310,-0.100057199,0.031120512,0.022463974,-0.035893458,0.395290077,0.003527282,-0.021968707,0.622038471,0.001187617,0.024915061,0.502776068,0.002193533,-0.094969792,0.008639628,0.033157996,-0.032196991,0.270821072,0.466275593,White-eyed Vireo,WEVI
188,6320,-0.070486101,0.572880135,0.013432698,-0.175825421,0.064866808,0.134948889,0.107975136,0.341187467,0.0378071,0.162077358,0.242649894,0.056417667,-0.026692865,0.5344005,0.016287957,-0.016051095,0.74302628,0.028671573,Hutton's Vireo,HUVI
189,6330,0.032941309,0.560929083,0.005762553,0.04310023,0.283273561,0.019487263,-0.001720958,0.975466739,1.62E-05,0.06262145,0.307973206,0.017608875,0.000461244,0.981407602,9.28E-06,-0.087255843,0.001514124,0.216659084,Bell's Vireo,BEVI
190,6340,-0.309958197,0.155596727,0.432729566,-0.179547142,0.252476023,0.30856112,-0.158680379,0.335255824,0.230433412,-0.155505398,0.321178966,0.242383353,-0.185642356,0.223286086,0.341413375,-0.743944774,NA,NA,Gray Vireo,GRVI
191,6360,0.091014737,0.057332642,0.01751179,0.03110235,0.502142253,0.002200043,0.031149136,0.389982603,0.003607139,0.043606092,0.281619396,0.005652685,0.061295803,0.030409777,0.022653599,0.044961864,0.070320798,0.301981987,Black-and-white Warbler,BAWW
192,6370,-0.156542918,0.003931273,0.07578872,-0.123862371,0.015051849,0.054480507,-0.003523288,0.950367432,3.67E-05,-0.044063338,0.292852992,0.010432798,-0.096880293,0.028564368,0.044419607,-0.037573801,0.384017355,0.280074055,Prothonotary Warbler,PROW
193,6380,0.088463705,0.109161108,0.07591064,0.101310988,0.044022339,0.117287937,0.040174457,0.491287157,0.014467893,0.096866102,0.036614709,0.125732145,0.018626548,0.747843368,0.003174628,-0.06138385,0.426348865,-0.002720833,Swainson's Warbler,SWWA
194,6390,-0.129099374,0.001342686,0.091218258,-0.010214065,0.797753692,0.000610661,-0.00110986,0.97684815,7.83E-06,0.018343748,0.568930027,0.003013795,0.040300589,0.207365234,0.014679103,0.018831433,0.584379209,0.016985387,Worm-eating Warbler,WEWA
195,6410,-0.137909747,0.002538498,0.066461088,-0.126538347,0.007277636,0.052910766,-0.090417935,0.023731652,0.03786117,-0.024703207,0.480165524,0.003755069,-0.069778125,0.048611804,0.028921783,-0.08176033,0.017823318,0.117615487,Blue-winged Warbler,BWWA
196,6420,0.088475387,0.032630026,0.055802207,-0.020319606,0.581218253,0.003819889,0.076011293,0.054401128,0.045476675,0.009440214,0.810285039,0.000724603,0.046555462,0.146772208,0.02613554,0.052066509,0.094764738,0.136721725,Golden-winged Warbler,GWWA
197,6430,-0.073024263,0.919728032,0.002869303,0.017042371,0.987520087,6.92E-05,0.844301687,0.205519734,0.363114597,-0.297228958,0.565085189,0.089304827,-0.094504192,0.332665904,0.232595517,-0.422891034,NA,NA,Lucy's Warbler,LUWA
198,6440,0.433812012,0.025430775,0.442841529,0.394667082,0.046312352,0.372011564,0.18111965,0.396869121,0.080814062,0.212328922,0.346663283,0.098739617,0.089038052,0.157567433,0.208892148,0.048320605,0.463819487,0.589611733,Virginia's Warbler,VIWA
199,6450,0.058745031,0.374571609,0.008970108,0.004869236,0.918251645,0.000120382,-0.091716239,0.167506178,0.021536932,-0.126794323,0.066249656,0.03782012,-0.017992729,0.298968355,0.012253069,-0.061638052,0.00171094,0.339369885,Nashville Warbler,NAWA
200,6460,0.157919342,0.098788195,0.058125449,-0.07538007,0.455993395,0.012138291,0.110192434,0.209708667,0.033986856,0.060189384,0.598999226,0.006058271,0.001985783,0.904899256,0.000313651,0.005805729,0.626064367,0.576920583,Orange-crowned Warbler,OCWA
201,6470,0.011473149,0.82743697,0.002207168,-0.017809538,0.701773448,0.006795042,0.060559821,0.363801606,0.037620302,-0.021191448,0.651163199,0.009460906,-0.026320172,0.61031147,0.012003903,-0.007157041,0.887196891,0.066167543,Tennessee Warbler,TEWA
202,6480,0.159102774,2.03E-05,0.077701399,0.207425866,2.28E-07,0.112434938,0.043974653,0.21063183,0.006955972,0.035717731,0.264988048,0.005519255,0.06536036,0.013698122,0.026704192,0.049411702,0.058733584,0.15166503,Northern Parula,NOPA
203,6500,-0.057777988,0.287311952,0.047021224,-0.044371866,0.39900264,0.029807619,-0.082846778,0.315314765,0.041985782,0.038686885,0.440142854,0.025032359,-0.074077403,0.226136883,0.060417153,-0.043949235,0.473483826,0.081255732,Cape May Warbler,CMWA
204,6520,-0.182680056,1.40E-08,0.088472089,-0.032005026,0.201399638,0.004685945,-0.072692741,0.014532444,0.017039533,0.029976138,0.352886345,0.002480515,0.000158575,0.983856643,1.18E-06,-0.006313154,0.479047871,0.285349328,Yellow Warbler,YWAR
205,6540,0.061909658,0.353443274,0.011339613,0.027065178,0.702593006,0.001929065,-0.003028685,0.958936059,3.51E-05,0.031168183,0.639733335,0.002897594,-0.096314926,0.186584353,0.022838772,-0.070222938,0.212450061,0.47060823,Black-throated Blue Warbler,BTBW
206,6550,-0.029281831,0.534424902,0.002930813,0.057331307,0.286383136,0.008605615,-0.123495355,0.013467689,0.045375407,-0.179481301,0.003250315,0.063741701,-0.014950156,0.101210603,0.02022109,-0.026639491,0.002486295,0.339967753,Yellow-rumped Warbler,YRWA
207,6570,0.088468682,0.228716314,0.017407761,-0.005292779,0.942315796,6.35E-05,-0.031863736,0.663220693,0.00229592,0.03448437,0.596246381,0.003396508,-0.088245237,0.104963801,0.031356814,-0.063760199,0.13543992,0.418572451,Magnolia Warbler,MAWA
208,6580,-0.213432644,7.03E-05,0.166961468,-0.080609483,0.138757107,0.025018429,-0.102295299,0.036016055,0.049552827,-0.018549745,0.712976432,0.001563168,-0.032712641,0.42094913,0.007459332,-0.035150318,0.390956687,0.064070589,Cerulean Warbler,CERW
209,6590,-0.112230561,0.039054329,0.030938835,-0.041903541,0.264306642,0.009153761,-0.047067327,0.391945632,0.00539419,-0.057302465,0.229230911,0.010612018,-0.031043698,0.391934522,0.005394442,-0.00761233,0.783455619,0.602173725,Chestnut-sided Warbler,CSWA
210,6600,-0.089739342,0.270932419,0.070778876,0.042791668,0.583942334,0.018002848,-0.119212599,0.160936877,0.112214368,-0.08169543,0.247275842,0.077875777,-0.063742301,0.14811359,0.118969892,-0.048668762,0.287326148,0.272421483,Bay-breasted Warbler,BBWA
211,6610,0.021110052,0.43055549,0.052536547,0.003134875,0.931956204,0.00063315,-0.022880428,0.534281819,0.032993973,-0.032458725,0.317529758,0.083111055,-0.012388183,0.802031722,0.005445938,-0.069322681,0.339897357,0.042392663,Blackpoll Warbler,BLPW
212,6620,0.027383401,0.66519785,0.002240209,-0.126868791,0.034785557,0.051960344,-0.014004351,0.81417681,0.000661378,-0.023771558,0.654960795,0.002388748,-0.057793004,0.236357495,0.016652031,-0.070576809,0.07544499,0.380633428,Blackburnian Warbler,BLBW
213,6630,-0.045806213,0.341069333,0.007493753,0.051883441,0.190738387,0.014106053,-0.016062955,0.747385948,0.000860541,0.05272681,0.152730055,0.016825642,-0.010433243,0.747863056,0.000857181,-0.019272462,0.586752067,0.105311548,Yellow-throated Warbler,YTWA
214,6640,-0.220100303,0.824994164,0.019012951,0.13915539,0.755369484,0.037381823,0.324108674,0.421681263,0.223184931,0.557180561,0.591253542,0.106896883,0.190093518,0.657951726,0.074004505,-0.884208208,NA,NA,Grace's Warbler,GRWA
215,6650,-0.203667394,0.048987598,0.106236767,-0.299196171,0.027053812,0.132052396,0.179120892,0.072588846,0.089183718,0.130703188,0.267236032,0.03504363,-0.007848178,0.687667516,0.004673225,-0.021214966,0.20742725,0.357547634,Black-throated Gray Warbler,BTYW
216,6670,-0.036935189,0.470636499,0.00461576,-0.054845488,0.329029576,0.008432697,-0.043047219,0.392829553,0.006469264,0.071085406,0.199280313,0.01453875,-0.02286189,0.589791864,0.002580365,-0.01226175,0.716162808,0.391594302,Black-throated Green Warbler,BTNW
217,6680,0.061521225,0.76655098,0.007020919,0.179460882,0.304694862,0.080745216,0.121087119,0.467812529,0.041256367,0.054627049,0.719010483,0.010293474,0.00147155,0.956145546,0.0002417,-0.031483239,0.174365292,0.548338931,Townsend's Warbler,TOWA
218,6690,-0.181154808,0.424748158,0.064763359,-0.223966323,0.299279866,0.107026908,-0.450324476,0.016365465,0.453507662,-0.295337494,0.196426303,0.160780054,-0.09297596,0.257095636,0.126220667,-0.011222424,0.917860027,0.004093635,Hermit Warbler,HEWA
219,6710,0.019569164,0.710507373,0.000784707,-0.000637448,0.991236062,6.87E-07,0.00827681,0.852452254,0.000197088,-0.032908648,0.404331735,0.003954566,-0.067724612,0.020986884,0.02990178,-0.035255441,0.197223273,0.248139782,Pine Warbler,PIWA
220,6730,-0.119775421,0.004722068,0.044220797,-0.093847718,0.050996011,0.021346043,0.025497113,0.542925421,0.00209493,0.028002802,0.421522536,0.003653724,-0.01960243,0.57251514,0.001802854,0.002797418,0.938337767,0.086646518,Prairie Warbler,PRAW
221,6740,-0.03228347,0.472967198,0.002193897,-0.046002265,0.132024809,0.009627235,-0.164293649,2.23E-06,0.091032548,-0.037900329,0.270004374,0.005175138,-0.038131906,0.015906487,0.024484786,-0.015632251,0.383908913,0.256935888,Ovenbird,OVEN
222,6750,-0.029335901,0.613248305,0.002818865,0.037946615,0.232648097,0.015617816,0.115554697,0.05138498,0.041072467,-0.065866402,0.166728453,0.020906192,0.005664857,0.021874447,0.056418069,0.008459463,0.000678041,0.358744622,Northern Waterthrush,NOWA
223,6760,-0.080405445,0.024627341,0.030051814,0.02418042,0.489391005,0.002883222,-0.008193961,0.79032794,0.000427065,-0.003026628,0.919191966,6.22E-05,0.015421709,0.385005558,0.004549459,0.00767085,0.6558183,0.113604372,Louisiana Waterthrush,LOWA
224,6770,-0.088624035,0.034907843,0.027511786,0.028903082,0.458172106,0.003444544,-0.036173172,0.402235875,0.004389259,0.042184578,0.226808412,0.009116526,0.025068658,0.431599254,0.003870312,-0.008291171,0.810691217,0.080224047,Kentucky Warbler,KEWA
225,6780,0.002672932,0.982882687,3.41E-05,-0.080745293,0.519563113,0.030232673,-0.041670098,0.655066143,0.014663798,0.103828962,0.367918854,0.058233933,-0.21071134,0.340890444,0.064927596,-0.147507416,0.539357652,0.057599142,Connecticut Warbler,CONW
226,6790,0.012288724,0.884119064,0.000305599,-0.093319213,0.261800711,0.017954327,0.118274673,0.192243906,0.024167464,0.06016274,0.320062444,0.014124583,0.109123954,0.098891486,0.038424963,0.038950826,0.471827517,0.373741743,Mourning Warbler,MOWA
227,6800,0.09004316,0.35681156,0.019778465,0.008835181,0.933455165,0.000164022,-0.070395705,0.440262965,0.013915159,-0.022207939,0.847079345,0.000874608,0.020141863,0.331461839,0.021946013,-0.01179629,0.511866145,0.36137778,MacGillivray's Warbler,MGWA
228,6810,-0.050338345,0.039926959,0.010536265,-0.190093076,9.02E-35,0.315903071,-0.209022195,1.83E-24,0.230072311,-0.181687492,4.58E-17,0.162165264,-0.038935298,5.93E-14,0.131958123,0.005841351,0.215682682,0.506655469,Common Yellowthroat,COYE
229,6830,-0.133602795,0.000512049,0.044777375,-0.075368329,0.008368204,0.026041589,-0.047241798,0.184031913,0.006674985,-0.067958114,0.06940089,0.012434834,-0.017960507,0.048188056,0.014704476,0.004004299,0.700148722,0.273064705,Yellow-breasted Chat,YBCH
230,6840,-0.036689201,0.495194291,0.003149047,0.105963259,0.035030584,0.029676968,-0.015135735,0.760038336,0.000632256,0.043717135,0.317241368,0.006758604,0.015395289,0.651160315,0.001385068,-0.001273228,0.968584459,0.165246809,Hooded Warbler,HOWA
231,6850,0.134169892,0.104774418,0.043980326,0.064985398,0.440265449,0.01012894,0.205135327,0.00395872,0.132297341,-0.197177504,0.03243608,0.075223353,0.034205148,0.052520245,0.062232434,0.020063196,0.163414879,0.553993761,Wilson's Warbler,WIWA
232,6860,0.072967609,0.170712524,0.022762909,-0.041659833,0.400712318,0.008627248,-0.042185993,0.404207418,0.008500568,-0.019393063,0.654977132,0.002447046,-0.088260084,0.049248627,0.046336191,-0.079406005,0.043038546,0.284547424,Canada Warbler,CAWA
233,6870,-0.091189218,0.028159413,0.019673001,-0.097110958,0.000240179,0.054098873,-0.115858402,0.001429791,0.041058549,-0.009120852,0.796693437,0.000273663,-0.050954714,0.002783824,0.036210301,-0.006034201,0.703603788,0.539781452,American Redstart,AMRE
234,6882,-0.17069275,1.23E-13,0.125871567,-0.104599367,1.10E-10,0.096916544,-0.135318957,8.22E-11,0.098154879,-0.059093099,0.008497214,0.016810702,-0.022178905,7.49E-05,0.037663411,0.008370697,0.234144157,0.145346128,House Sparrow,HOSP
235,6883,-0.437964512,0.004504619,0.707216951,-0.356717966,0.097787047,0.342557391,-0.473496372,0.026705236,0.527458979,0.034447274,0.835340659,0.0066053,-1.139979212,0.175633402,0.244868625,-1.976148129,0.091184325,0.291432098,Eurasian Tree Sparrow,ETSP
236,7000,-0.051804747,0.839701352,0.007381293,-0.208549718,0.169143886,0.289279282,-0.004839543,0.985761296,5.77E-05,-0.375951031,0.169472617,0.288906237,-0.079911414,0.368063897,0.136319269,-0.583894365,0.074663392,0.917763765,Sprague's Pipit,SPPI
237,7020,-0.128281454,0.157539213,0.05624994,-0.094476844,0.327846581,0.027365054,-0.113693576,0.112861183,0.070256567,0.026295918,0.793699645,0.001980062,-0.017357764,0.552650722,0.010166763,-0.041088904,0.15547754,0.2311751,Sage Thrasher,SATH
238,7030,-0.150673808,5.69E-06,0.063180442,-0.007519447,0.757393217,0.000302403,0.089369559,0.003066942,0.027405629,-0.027600745,0.400688059,0.002236036,-0.003446621,0.681090059,0.000535201,0.000743228,0.933050574,0.459428838,Northern Mockingbird,NOMO
239,7040,-0.333993068,3.02E-38,0.390661684,-0.147575824,4.12E-17,0.189034406,-0.261170344,3.35E-28,0.301813227,-0.045160692,0.064144044,0.010102254,-0.037677148,1.52E-08,0.090532614,0.006281236,0.44301538,0.357880615,Gray Catbird,GRCA
240,7050,-0.102686748,6.52E-05,0.046546432,-0.115373373,6.04E-10,0.10820995,-0.030270899,0.185976723,0.005215654,-0.113425031,1.82E-07,0.078128797,-0.039585448,2.15E-06,0.06492313,-0.033646843,0.000123393,0.287209976,Brown Thrasher,BRTH
241,7060,NA,NA,NA,NA,NA,NA,NA,NA,NA,NA,NA,NA,NA,NA,NA,NA,NA,NA,Long-billed Thrasher,LBTH
242,7070,-0.193881654,0.179432067,0.092776076,-0.127658399,0.341751637,0.047660371,-0.103404818,0.22985847,0.074933529,-0.037112488,0.708186818,0.007541222,0.006352348,0.902952256,0.000803037,0.01104862,0.860641017,-0.286131637,Curve-billed Thrasher,CBTH
243,7080,0.3826478,0.029260744,0.734236757,0.307353529,0.053677088,0.646968778,0.191773714,0.214770754,0.351640676,0.228787748,0.156286731,0.43166436,0.149247045,0.075601535,0.5870676,0.064414968,NA,NA,Bendire's Thrasher,BETH
244,7100,-0.100138881,0.718011171,0.019802837,0.224168342,0.36180147,0.119678254,-0.55719121,0.139999105,0.283513168,0.113872969,0.649345521,0.031207715,-0.269264039,0.495641686,0.068709394,-0.21182416,0.478870224,0.535128511,California Thrasher,CATH
245,7110,NA,NA,NA,NA,NA,NA,NA,NA,NA,NA,NA,NA,NA,NA,NA,NA,NA,NA,Le Conte's Thrasher,LCTH
246,7120,0.348252941,0.223585872,0.202990891,0.478731951,0.0671161,0.40104322,0.061363112,0.741335163,0.016573097,0.181902864,0.340805009,0.129834013,0.046775063,0.409611201,0.098982952,0.053199069,0.62414441,-0.133785022,Crissal Thrasher,CRTH
247,7130,-0.205463668,0.270579689,0.070879356,-0.156072677,0.356071564,0.050279834,0.033388866,0.791843998,0.004210472,0.078634214,0.546529502,0.021782566,0.086206894,0.225708009,0.085054909,0.070903187,0.245410476,0.390596075,Cactus Wren,CACW
248,7150,-0.104426334,0.145113255,0.02846852,-0.065366607,0.326078132,0.013035128,-0.166957383,0.001589529,0.126858519,-0.099727472,0.156682359,0.026921851,-0.01605137,0.33025488,0.012813382,0.007818959,0.665283342,0.168822233,Rock Wren,ROWR
249,7170,-0.085071547,0.428682514,0.026295704,-0.143085018,0.117391509,0.099034505,-0.041016257,0.625320829,0.01009346,-0.108489972,0.380088792,0.032243033,-0.015160983,0.198412285,0.067941103,-0.010567514,0.578504114,-0.082759771,Canyon Wren,CANW
250,7180,-0.116098916,0.001536967,0.039887255,0.05554369,0.140321859,0.008782377,0.0344692,0.341156972,0.003669019,0.000683967,0.982589999,1.93E-06,0.018570201,0.3672228,0.003292897,-0.003248505,0.827470866,0.516934545,Carolina Wren,CARW
251,7190,-0.013340764,0.818781552,0.000538232,0.033928147,0.548763132,0.003680721,0.074606273,0.221109457,0.015237856,-0.025633525,0.742350842,0.001107793,-0.006800248,0.617692307,0.002551824,-0.020440309,0.163875516,0.19481576,Bewick's Wren,BEWR
252,7210,-0.243307709,9.10E-15,0.165761894,-0.097787226,1.59E-05,0.054654469,-0.234502138,1.42E-15,0.174907679,-0.074636837,0.012774014,0.018529406,-0.025071393,0.00062222,0.034702514,-0.008567842,0.354909061,0.157238542,House Wren,HOWR
253,7220,0.117017727,0.042130302,0.039871458,-0.027135789,0.479210086,0.0049204,0.090204727,0.056454819,0.035212287,0.010048152,0.876849198,0.000236561,0.006328606,0.838441151,0.00040947,-0.05630984,0.054890611,0.405161396,Winter Wren,WIWR
254,7240,-0.052291839,0.420298739,0.008035424,-0.042298282,0.476718848,0.006270303,-0.02481207,0.627853968,0.002914717,0.015382121,0.760471948,0.001153849,0.026465794,0.550057297,0.004427521,-0.015049429,0.670884569,0.406942359,Sedge Wren,SEWR
255,7250,0.048036497,0.389139504,0.009285064,-0.006479349,0.888362228,0.000247834,0.020502406,0.679755082,0.002141077,-0.159532172,0.006327087,0.089501845,0.003211609,0.86170682,0.000381634,0.019426216,0.399892221,0.013635588,Marsh Wren,MAWR
256,7260,0.087177184,0.013135457,0.05016742,-0.033229154,0.248391315,0.011087135,0.007476772,0.806841002,0.000500137,-0.02541936,0.50610741,0.003692765,-0.002542289,0.789854061,0.000594147,-0.011441941,0.364311409,0.092798106,Brown Creeper,BRCR
257,7270,-0.15874311,4.50E-08,0.086799795,-0.089373888,1.97E-06,0.066359754,-0.118276212,6.34E-06,0.059984628,0.002604527,0.916609971,3.33E-05,-0.028109016,4.49E-05,0.049278798,-0.028557066,0.001225056,0.167037104,White-breasted Nuthatch,WBNU
258,7280,0.080149239,0.081586371,0.021059133,0.024807992,0.543040076,0.002592646,0.040618218,0.344683886,0.006246551,-0.107597984,0.033062524,0.031374256,0.010978166,0.336113867,0.006471533,-0.016561023,0.220396302,0.230985251,Red-breasted Nuthatch,RBNU
259,7290,-0.278214667,3.87E-05,0.271240288,-0.077914489,0.095442746,0.050633109,-0.022535581,0.76711352,0.001637955,0.087428959,0.187928826,0.031885465,-0.132930064,0.164858195,0.035412899,-0.179296722,0.119510509,0.047882777,Brown-headed Nuthatch,BHNU
260,7300,-0.021597702,0.890366287,0.001084685,0.026081069,0.856780204,0.001858703,0.005345761,0.97545042,5.41E-05,-0.078155854,0.638624334,0.012518098,-0.017515379,0.751747029,0.005699509,-0.006454292,0.921938397,-0.29423831,Pygmy Nuthatch,PYNU
261,7310,-0.208377624,4.51E-13,0.172651498,-0.008432258,0.785660135,0.00026744,-0.059423594,0.037325958,0.015557494,-0.030452021,0.232918685,0.005133056,0.005313203,0.826575013,0.000173595,-0.000743414,0.975352887,0.208557914,Tufted Titmouse,TUTI
262,7320,0.208125554,0.616937745,0.044280486,-0.261340465,0.216866804,0.240872236,-0.561285545,0.037768686,0.540220519,-0.504503003,0.035785769,0.547721459,0.08059177,0.470762976,0.089836172,-0.076282669,0.2792102,0.843620555,Black-crested Titmouse,BCTI
263,7330,-0.292845191,0.14812479,0.134193159,-0.179408835,0.105995036,0.164732509,-0.298085785,0.231248274,0.09403318,0.00429837,0.986336548,2.02E-05,-0.225710919,0.042156847,0.247497819,-0.145533799,0.325306239,0.088315928,Oak Titmouse,OATI
264,7331,-0.12979904,0.523277974,0.03477174,-0.159138377,0.29990426,0.089103433,0.060594251,0.704594736,0.012408841,0.018062587,0.943975046,0.000428941,-0.058726035,0.211549255,0.126744614,-0.074789016,0.133475585,0.759531607,Juniper Titmouse,JUTI
265,7340,NA,NA,NA,NA,NA,NA,NA,NA,NA,NA,NA,NA,NA,NA,NA,NA,NA,NA,Bridled Titmouse,BRTI
266,7350,-0.111791399,0.0035554,0.037806047,-0.192970873,1.22E-13,0.220642768,-0.134807915,1.68E-05,0.080572016,-0.135779058,0.000159106,0.062628824,-0.041522152,1.51E-07,0.117555066,-0.008651413,0.344097877,0.346767719,Black-capped Chickadee,BCCH
267,7360,-0.201102486,1.20E-08,0.181191939,-0.056023916,0.05965132,0.021591288,-0.120936962,0.000174065,0.083065126,-0.064312112,0.023265739,0.031186355,-0.08618439,0.00137954,0.061028993,-0.066083804,0.02070644,0.210530421,Carolina Chickadee,CACH
268,7380,0.154903789,0.114107429,0.067893442,0.132945261,0.169943267,0.051663793,-0.015592058,0.845339648,0.001071193,-0.200644579,0.05046291,0.102148546,0.000361947,0.988761921,5.59E-06,-0.043664851,0.088706229,0.252342387,Mountain Chickadee,MOCH
269,7400,-0.003524546,0.970125292,0.000121842,0.02609506,0.746532345,0.009034278,0.219942306,0.143210426,0.169774744,0.008480825,0.911522842,0.00107208,0.206122445,0.411379327,0.056927048,0.141168025,0.426046267,0.557350434,Boreal Chickadee,BOCH
270,7410,0.174666433,0.077908891,0.181518253,-0.057921683,0.423641169,0.040436449,0.161010432,0.12361805,0.141713645,0.163232052,0.101397905,0.158823478,0.006315471,0.92118853,0.000630986,-0.035398657,0.617195673,-0.090009361,Chestnut-backed Chickadee,CBCH
271,7420,-0.328303143,0.08588231,0.209919749,-0.199735308,0.048223419,0.267728673,-0.023241788,0.900486965,0.001249142,0.646935402,0.008335839,0.426115124,-0.031940793,0.567410358,0.02580099,-0.06998635,0.30624991,0.317445871,Wrentit,WREN
272,7430,-0.172846139,0.058974777,0.082326563,-0.057270819,0.61669957,0.006018298,-0.203675335,0.014254299,0.134718481,-0.127496994,0.180039086,0.042379238,-0.029719147,0.224743445,0.034886888,-0.005039565,0.836516846,0.120615241,Bushtit,BUSH
273,7460,-0.099468359,0.784901387,0.009861342,-0.067711341,0.76809513,0.011500079,-0.176509539,0.472373369,0.066373382,-0.395997676,0.070502285,0.352205361,-0.030956666,0.497603067,0.059349869,-0.058953768,0.375532038,0.287220686,Verdin,VERD
274,7480,0.179370908,0.001616441,0.120374053,-0.054121356,0.274443579,0.015293035,0.15004973,0.001344991,0.124210543,-0.094250958,0.104571059,0.033419823,-0.00406096,0.764671855,0.001155582,-0.026937283,0.07266994,0.359473324,Golden-crowned Kinglet,GCKI
275,7490,0.016644581,0.785424283,0.001036136,0.283852531,0.00019833,0.176041816,-0.13053773,0.054282339,0.050482484,-0.089891004,0.301256102,0.01483419,0.023941491,0.082019588,0.041415459,-0.007867286,0.528453928,0.394747496,Ruby-crowned Kinglet,RCKI
276,7510,-0.153067203,1.76E-06,0.077389547,-0.042033236,0.058867578,0.012510129,-0.027498254,0.339128464,0.003217815,-0.036484647,0.198201175,0.005822756,-0.007810191,0.405311286,0.002439737,-4.15E-06,0.999703449,0.27901668,Blue-gray Gnatcatcher,BGGN
277,7520,-0.48375715,0.108208675,0.432815559,-0.476630167,0.085729824,0.477168066,-0.266991753,0.335350397,0.185059207,-0.041937435,0.896561243,0.003726386,-0.074799528,0.073180745,0.505734572,-0.232297908,0.005419683,0.999923506,Black-tailed Gnatcatcher,BTGN
278,7540,0.01663264,0.844964668,0.001340599,0.081539733,0.352518858,0.029867618,-0.141290608,0.093374518,0.094030793,-0.249689679,0.016314448,0.183165132,0.010192285,0.046263093,0.13004889,0.008514473,0.108606766,0.131905844,Townsend's Solitaire,TOSO
279,7550,-0.110130776,0.000685468,0.038516844,0.082098335,0.01138818,0.021582053,-0.15154151,4.18E-08,0.097365139,0.013988393,0.595971937,0.000957339,-0.019315514,0.411548322,0.002294883,-0.01927965,0.369771807,0.220465686,Wood Thrush,WOTH
280,7560,-0.166357343,0.001845455,0.060455667,-0.185545928,5.12E-08,0.173701679,-0.104052476,0.076235537,0.020011524,-0.122423618,0.012204068,0.039586637,-0.048362052,6.32E-06,0.12288537,-0.028656978,0.014348713,0.496610923,Veery,VEER
281,7580,0.186876667,0.00589854,0.082988685,-0.026087078,0.68219546,0.001914303,0.18210649,0.005099216,0.085739202,-0.34589971,1.31E-05,0.195183298,0.00463646,0.722683093,0.001438213,0.001483612,0.92082679,0.168024022,Swainson's Thrush,SWTH
282,7590,0.053588685,0.306526489,0.008231329,0.073056096,0.080159259,0.023912008,-0.017302715,0.733591632,0.000915299,-0.006156384,0.913747297,9.27E-05,0.010091581,0.338882618,0.007204315,-0.017315667,0.184720942,0.231025204,Hermit Thrush,HETH
283,7610,-0.148208702,1.53E-21,0.208090857,-0.03182363,0.006772958,0.018648552,-0.074750153,1.61E-07,0.068067822,-0.028484428,0.061760336,0.008918819,-0.008353337,0.035617159,0.011271888,-0.005441493,0.212485114,0.281762825,American Robin,AMRO
284,7630,-0.141917164,0.568180348,0.025699913,-0.080043616,0.641069975,0.017222754,0.061298006,0.787452292,0.005794019,0.20183692,0.256115494,0.097921065,-0.024520079,0.445565374,0.045443444,-0.038630416,0.103483705,0.690367138,Varied Thrush,VATH
285,7660,-0.08600942,0.000731774,0.034436691,-0.074826337,0.000637187,0.035199675,-0.041768185,0.066168533,0.010316889,-0.076441674,0.000407908,0.037661247,-0.035374103,0.025701629,0.015170888,-0.027144413,0.081895641,0.215137171,Eastern Bluebird,EABL
286,7670,-0.032993692,0.7713326,0.002249716,0.174072872,0.13495247,0.057839667,-0.104822592,0.339098114,0.024071731,-0.161971073,0.160980654,0.051043224,-0.022870288,0.338307943,0.024149655,-0.015036502,0.57799125,0.024126392,Western Bluebird,WEBL
287,7680,-0.058854881,0.445093129,0.012733075,0.012921694,0.864451255,0.000640243,-0.103707628,0.099458835,0.057901915,-0.108443295,0.194944857,0.03624313,0.006376188,0.791934418,0.001528191,-0.007857376,0.76656907,0.083775961,Mountain Bluebird,MOBL
288,22860,0.054170543,0.017514891,0.038305423,-0.021127889,0.243779948,0.009357946,0.031055377,0.220786063,0.010321734,-0.050191266,0.036174037,0.029915827,-0.001162429,0.773219259,0.000574502,-0.000567778,0.877626535,0.371501308,Eurasian Collared-Dove,ECDO
